<?xml version="1.0" encoding="UTF-8"?>
<index>
	<title>Source of SourceViewer</title>
	<nodes>
		<node label="build.config">
			<node label="cairngen.properties" url="source/build/config/cairngen.properties"/>
			<node label="log.properties" url="source/build/config/log.properties"/>
		</node>
		<node label="build.events" icon="packageIcon" expanded="true">
			<node label="GetContactsEvent.as" icon="actionScriptIcon" url="source/build/events/GetContactsEvent.as.html"/>
			<node label="GetLocationsEvent.as" icon="actionScriptIcon" url="source/build/events/GetLocationsEvent.as.html"/>
			<node label="GetOneContactEvent.as" icon="actionScriptIcon" url="source/build/events/GetOneContactEvent.as.html"/>
			<node label="LocationSelectedEvent.as" icon="actionScriptIcon" url="source/build/events/LocationSelectedEvent.as.html"/>
			<node label="RemoveContactEvent.as" icon="actionScriptIcon" url="source/build/events/RemoveContactEvent.as.html"/>
			<node label="RemoveLocationEvent.as" icon="actionScriptIcon" url="source/build/events/RemoveLocationEvent.as.html"/>
			<node label="SaveContactEvent.as" icon="actionScriptIcon" url="source/build/events/SaveContactEvent.as.html"/>
			<node label="SaveLocationEvent.as" icon="actionScriptIcon" url="source/build/events/SaveLocationEvent.as.html"/>
			<node label="SelectedContactEvent.as" icon="actionScriptIcon" url="source/build/events/SelectedContactEvent.as.html"/>
		</node>
		<node label="build.libs">
			<node label="ant-contrib-1.0b3.jar" url="source/build/libs/ant-contrib-1.0b3.jar"/>
			<node label="antform.jar" url="source/build/libs/antform.jar"/>
		</node>
		<node label="build.templates">
			<node label="cairngorm2.2.1">
				<node label="BusinessDelegate.txt" url="source/build/templates/cairngorm2.2.1/BusinessDelegate.txt"/>
				<node label="CommandExcludeDelegate.txt" url="source/build/templates/cairngorm2.2.1/CommandExcludeDelegate.txt"/>
				<node label="CommandIncludeDelegate.txt" url="source/build/templates/cairngorm2.2.1/CommandIncludeDelegate.txt"/>
				<node label="Event.txt" url="source/build/templates/cairngorm2.2.1/Event.txt"/>
				<node label="FrontController.txt" url="source/build/templates/cairngorm2.2.1/FrontController.txt"/>
				<node label="ModelLocator.txt" url="source/build/templates/cairngorm2.2.1/ModelLocator.txt"/>
				<node label="Services.txt" url="source/build/templates/cairngorm2.2.1/Services.txt"/>
				<node label="ValueObject.txt" url="source/build/templates/cairngorm2.2.1/ValueObject.txt"/>
				<node label="ValueObjectRegisterClass.txt" url="source/build/templates/cairngorm2.2.1/ValueObjectRegisterClass.txt"/>
			</node>
			<node label="view">
				<node label="ViewDetails.txt" url="source/build/templates/view/ViewDetails.txt"/>
				<node label="ViewForm.txt" url="source/build/templates/view/ViewForm.txt"/>
				<node label="ViewList.txt" url="source/build/templates/view/ViewList.txt"/>
			</node>
			<node label="file-header-copy.txt" url="source/build/templates/file-header-copy.txt"/>
		</node>
		<node label="src" icon="classpathIcon" expanded="true">
			<node label="assets">
				<node label="fonts">
					<node label="Helvetica-Neue.swf" icon="swfIcon" url="source/assets/fonts/Helvetica-Neue.swf"/>
					<node label="Helvetica.swf" icon="swfIcon" url="source/assets/fonts/Helvetica.swf"/>
					<node label="Monaco.swf" icon="swfIcon" url="source/assets/fonts/Monaco.swf"/>
				</node>
				<node label="styles">
					<node label="styles.css" icon="cssIcon" url="source/assets/styles/styles.css.html"/>
				</node>
			</node>
			<node label="com.jonniespratley.SourceViewer.as" icon="packageIcon" expanded="true">
				<node label="sourceViewer.as" icon="actionScriptIcon" url="source/com/jonniespratley/SourceViewer/as/sourceViewer.as.html"/>
			</node>
			<node label="com.jonniespratley.SourceViewer.assets" icon="packageIcon" expanded="true">
				<node label="MimeTypeIcons.as" icon="actionScriptIcon" url="source/com/jonniespratley/SourceViewer/assets/MimeTypeIcons.as.html"/>
				<node label="MimeTypeIcons.swf" icon="swfIcon" url="source/com/jonniespratley/SourceViewer/assets/MimeTypeIcons.swf"/>
			</node>
			<node label="com.jonniespratley.SourceViewer.business" icon="packageIcon" expanded="true">
				<node label="GetDirectoryDelegate.as" icon="actionScriptIcon" url="source/com/jonniespratley/SourceViewer/business/GetDirectoryDelegate.as.html"/>
				<node label="GetWorkspaceDelegate.as" icon="actionScriptIcon" url="source/com/jonniespratley/SourceViewer/business/GetWorkspaceDelegate.as.html"/>
				<node label="ReadFileDelegate.as" icon="actionScriptIcon" url="source/com/jonniespratley/SourceViewer/business/ReadFileDelegate.as.html"/>
				<node label="SelectedFileDelegate.as" icon="actionScriptIcon" url="source/com/jonniespratley/SourceViewer/business/SelectedFileDelegate.as.html"/>
				<node label="Services.mxml" icon="mxmlIcon" url="source/com/jonniespratley/SourceViewer/business/Services.mxml.html"/>
			</node>
			<node label="com.jonniespratley.SourceViewer.commands" icon="packageIcon" expanded="true">
				<node label="GetDirectoryCommand.as" icon="actionScriptIcon" url="source/com/jonniespratley/SourceViewer/commands/GetDirectoryCommand.as.html"/>
				<node label="GetWorkspaceCommand.as" icon="actionScriptIcon" url="source/com/jonniespratley/SourceViewer/commands/GetWorkspaceCommand.as.html"/>
				<node label="ReadFileCommand.as" icon="actionScriptIcon" url="source/com/jonniespratley/SourceViewer/commands/ReadFileCommand.as.html"/>
				<node label="SelectedFileCommand.as" icon="actionScriptIcon" url="source/com/jonniespratley/SourceViewer/commands/SelectedFileCommand.as.html"/>
			</node>
			<node label="com.jonniespratley.SourceViewer.control" icon="packageIcon" expanded="true">
				<node label="SourceViewerController.as" icon="actionScriptIcon" url="source/com/jonniespratley/SourceViewer/control/SourceViewerController.as.html"/>
			</node>
			<node label="com.jonniespratley.SourceViewer.events" icon="packageIcon" expanded="true">
				<node label="GetDirectoryEvent.as" icon="actionScriptIcon" url="source/com/jonniespratley/SourceViewer/events/GetDirectoryEvent.as.html"/>
				<node label="GetWorkspaceEvent.as" icon="actionScriptIcon" url="source/com/jonniespratley/SourceViewer/events/GetWorkspaceEvent.as.html"/>
				<node label="ReadFileEvent.as" icon="actionScriptIcon" url="source/com/jonniespratley/SourceViewer/events/ReadFileEvent.as.html"/>
				<node label="SelectedFileEvent.as" icon="actionScriptIcon" url="source/com/jonniespratley/SourceViewer/events/SelectedFileEvent.as.html"/>
			</node>
			<node label="com.jonniespratley.SourceViewer.factories" icon="packageIcon" expanded="true">
				<node label="CodeFactory.as" icon="actionScriptIcon" url="source/com/jonniespratley/SourceViewer/factories/CodeFactory.as.html"/>
			</node>
			<node label="com.jonniespratley.SourceViewer.model" icon="packageIcon" expanded="true">
				<node label="ModelLocator.as" icon="actionScriptIcon" url="source/com/jonniespratley/SourceViewer/model/ModelLocator.as.html"/>
			</node>
			<node label="com.jonniespratley.SourceViewer.view" icon="packageIcon" expanded="true">
				<node label="MainView.mxml" icon="mxmlIcon" url="source/com/jonniespratley/SourceViewer/view/MainView.mxml.html"/>
			</node>
			<node label="com.jonniespratley.SourceViewer.view.components" icon="packageIcon" expanded="true">
				<node label="CodeViewer.mxml" icon="mxmlIcon" url="source/com/jonniespratley/SourceViewer/view/components/CodeViewer.mxml.html"/>
				<node label="DirectoryTree.mxml" icon="mxmlIcon" url="source/com/jonniespratley/SourceViewer/view/components/DirectoryTree.mxml.html"/>
				<node label="FileDetails.mxml" icon="mxmlIcon" url="source/com/jonniespratley/SourceViewer/view/components/FileDetails.mxml.html"/>
				<node label="SourceViewerFooter.mxml" icon="mxmlIcon" url="source/com/jonniespratley/SourceViewer/view/components/SourceViewerFooter.mxml.html"/>
				<node label="SyntaxHighlighter_Test.mxml" icon="mxmlIcon" url="source/com/jonniespratley/SourceViewer/view/components/SyntaxHighlighter_Test.mxml.html"/>
				<node label="WorkspaceTree.mxml" icon="mxmlIcon" url="source/com/jonniespratley/SourceViewer/view/components/WorkspaceTree.mxml.html"/>
			</node>
			<node label="com.jonniespratley.SourceViewer.vo" icon="packageIcon" expanded="true">
				<node label="FileVO.as" icon="actionScriptIcon" url="source/com/jonniespratley/SourceViewer/vo/FileVO.as.html"/>
			</node>
			<node label="net.anirudh.as3syntaxhighlight" icon="packageIcon" expanded="true">
				<node label="CodePrettyPrint.as" icon="actionScriptIcon" url="source/net/anirudh/as3syntaxhighlight/CodePrettyPrint.as.html"/>
				<node label="PseudoThread.as" icon="actionScriptIcon" url="source/net/anirudh/as3syntaxhighlight/PseudoThread.as.html"/>
			</node>
			<node label="cairngenremix-log.txt" url="source/cairngenremix-log.txt"/>
			<node selected="true" label="SourceViewer.mxml" icon="mxmlAppIcon" url="source/SourceViewer.mxml.html"/>
		</node>
	</nodes>
</index>
