<?xml version="1.0" encoding="utf-8"?>
<countries>
	<country value="Afghanistan" >Afghanistan</country>
	<country value="Albania" >Albania</country>
	<country value="Algeria" >Algeria</country>
	<country value="Andorra" >Andorra</country>
	<country value="Antigua and Barbuda" >Antigua and Barbuda</country>
	<country value="Argentina" >Argentina</country>
	<country value="Armenia" >Armenia</country>
	<country value="Australia" >Australia</country>
	<country value="Austria" >Austria</country>
	<country value="Azerbaijan" >Azerbaijan</country>
	<country value="Bahamas" >Bahamas</country>
	<country value="Bahrain" >Bahrain</country>
	<country value="Bangladesh" >Bangladesh</country>
	<country value="Barbados" >Barbados</country>
	<country value="Belarus" >Belarus</country>
	<country value="Belgium" >Belgium</country>
	<country value="Belize" >Belize</country>
	<country value="Benin" >Benin</country>
	<country value="Bhutan" >Bhutan</country>
	<country value="Bolivia" >Bolivia</country>
	<country value="Bosnia and Herzegovina" >Bosnia and Herzegovina</country>
	<country value="Botswana" >Botswana</country>
	<country value="Brazil" >Brazil</country>
	<country value="Brunei" >Brunei</country>
	<country value="Bulgaria" >Bulgaria</country>
	<country value="Burkina Faso" >Burkina Faso</country>
	<country value="Burundi" >Burundi</country>
	<country value="Cambodia" >Cambodia</country>
	<country value="Cameroon" >Cameroon</country>
	<country value="Canada" >Canada</country>
	<country value="Cape Verde" >Cape Verde</country>
	<country value="Central African Republic">Central African Republic</country>
	<country value="Chad" >Chad</country>
	<country value="Chile" >Chile</country>
	<country value="China" >China</country>
	<country value="Colombia" >Colombia</country>
	<country value="Comoros" >Comoros</country>
	<country value="Congo" >Congo</country>
	<country value="Costa Rica" >Costa Rica</country>
	<country value="Côte d'Ivoire" >Côte d'Ivoire</country>
	<country value="Croatia" >Croatia</country>
	<country value="Cuba" >Cuba</country>
	<country value="Cyprus" >Cyprus</country>
	<country value="Czech Republic" >Czech Republic</country>
	<country value="Denmark" >Denmark</country>
	<country value="Djibouti" >Djibouti</country>
	<country value="Dominica" >Dominica</country>
	<country value="Dominican Republic" >Dominican Republic</country>
	<country value="East Timor" >East Timor</country>
	<country value="Ecuador" >Ecuador</country>
	<country value="Egypt" >Egypt</country>
	<country value="El Salvador" >El Salvador</country>
	<country value="Equatorial Guinea" >Equatorial Guinea</country>
	<country value="Eritrea" >Eritrea</country>
	<country value="Estonia" >Estonia</country>
	<country value="Ethiopia" >Ethiopia</country>
	<country value="Fiji" >Fiji</country>
	<country value="Finland" >Finland</country>
	<country value="France" >France</country>
	<country value="Gabon" >Gabon</country>
	<country value="Gambia" >Gambia</country>
	<country value="Georgia" >Georgia</country>
	<country value="Germany" >Germany</country>
	<country value="Ghana" >Ghana</country>
	<country value="Greece" >Greece</country>
	<country value="Grenada" >Grenada</country>
	<country value="Guatemala" >Guatemala</country>
	<country value="Guinea" >Guinea</country>
	<country value="Guinea-Bissau" >Guinea-Bissau</country>
	<country value="Guyana" >Guyana</country>
	<country value="Haiti" >Haiti</country>
	<country value="Honduras" >Honduras</country>
	<country value="Hong Kong" >Hong Kong</country>
	<country value="Hungary" >Hungary</country>
	<country value="Iceland" >Iceland</country>
	<country value="India" >India</country>
	<country value="Indonesia" >Indonesia</country>
	<country value="Iran" >Iran</country>
	<country value="Iraq" >Iraq</country>
	<country value="Ireland" >Ireland</country>
	<country value="Israel" >Israel</country>
	<country value="Italy" >Italy</country>
	<country value="Jamaica" >Jamaica</country>
	<country value="Japan" >Japan</country>
	<country value="Jordan" >Jordan</country>
	<country value="Kazakhstan" >Kazakhstan</country>
	<country value="Kenya" >Kenya</country>
	<country value="Kiribati" >Kiribati</country>
	<country value="North Korea" >North Korea</country>
	<country value="South Korea" >South Korea</country>
	<country value="Kuwait" >Kuwait</country>
	<country value="Kyrgyzstan" >Kyrgyzstan</country>
	<country value="Laos" >Laos</country>
	<country value="Latvia" >Latvia</country>
	<country value="Lebanon" >Lebanon</country>
	<country value="Lesotho" >Lesotho</country>
	<country value="Liberia" >Liberia</country>
	<country value="Libya" >Libya</country>
	<country value="Liechtenstein" >Liechtenstein</country>
	<country value="Lithuania" >Lithuania</country>
	<country value="Luxembourg" >Luxembourg</country>
	<country value="Macedonia" >Macedonia</country>
	<country value="Madagascar" >Madagascar</country>
	<country value="Malawi" >Malawi</country>
	<country value="Malaysia" >Malaysia</country>
	<country value="Maldives" >Maldives</country>
	<country value="Mali" >Mali</country>
	<country value="Malta" >Malta</country>
	<country value="Marshall Islands" >Marshall Islands</country>
	<country value="Mauritania" >Mauritania</country>
	<country value="Mauritius" >Mauritius</country>
	<country value="Mexico" >Mexico</country>
	<country value="Micronesia" >Micronesia</country>
	<country value="Moldova" >Moldova</country>
	<country value="Monaco" >Monaco</country>
	<country value="Mongolia" >Mongolia</country>
	<country value="Montenegro" >Montenegro</country>
	<country value="Morocco" >Morocco</country>
	<country value="Mozambique" >Mozambique</country>
	<country value="Myanmar" >Myanmar</country>
	<country value="Namibia" >Namibia</country>
	<country value="Nauru" >Nauru</country>
	<country value="Nepal" >Nepal</country>
	<country value="Netherlands" >Netherlands</country>
	<country value="New Zealand" >New Zealand</country>
	<country value="Nicaragua" >Nicaragua</country>
	<country value="Niger" >Niger</country>
	<country value="Nigeria" >Nigeria</country>
	<country value="Norway" >Norway</country>
	<country value="Oman" >Oman</country>
	<country value="Pakistan" >Pakistan</country>
	<country value="Palau" >Palau</country>
	<country value="Panama" >Panama</country>
	<country value="Papua New Guinea" >Papua New Guinea</country>
	<country value="Paraguay" >Paraguay</country>
	<country value="Peru" >Peru</country>
	<country value="Philippines" >Philippines</country>
	<country value="Poland" >Poland</country>
	<country value="Portugal" >Portugal</country>
	<country value="Puerto Rico" >Puerto Rico</country>
	<country value="Qatar" >Qatar</country>
	<country value="Romania" >Romania</country>
	<country value="Russia" >Russia</country>
	<country value="Rwanda" >Rwanda</country>
	<country value="Saint Kitts and Nevis" >Saint Kitts and Nevis</country>
	<country value="Saint Lucia" >Saint Lucia</country>
	<country value="Saint Vincent and the Grenadines" >Saint Vincent and the Grenadines</country>
	<country value="Samoa" >Samoa</country>
	<country value="San Marino" >San Marino</country>
	<country value="Sao Tome and Principe" >Sao Tome and Principe</country>
	<country value="Saudi Arabia" >Saudi Arabia</country>
	<country value="Senegal" >Senegal</country>
	<country value="Serbia and Montenegro" >Serbia and Montenegro</country>
	<country value="Seychelles" >Seychelles</country>
	<country value="Sierra Leone" >Sierra Leone</country>
	<country value="Singapore" >Singapore</country>
	<country value="Slovakia" >Slovakia</country>
	<country value="Slovenia" >Slovenia</country>
	<country value="Solomon Islands" >Solomon Islands</country>
	<country value="Somalia" >Somalia</country>
	<country value="South Africa" >South Africa</country>
	<country value="Spain" >Spain</country>
	<country value="Sri Lanka" >Sri Lanka</country>
	<country value="Sudan" >Sudan</country>
	<country value="Suriname" >Suriname</country>
	<country value="Swaziland" >Swaziland</country>
	<country value="Sweden" >Sweden</country>
	<country value="Switzerland" >Switzerland</country>
	<country value="Syria" >Syria</country>
	<country value="Taiwan" >Taiwan</country>
	<country value="Tajikistan" >Tajikistan</country>
	<country value="Tanzania" >Tanzania</country>
	<country value="Thailand" >Thailand</country>
	<country value="Togo" >Togo</country>
	<country value="Tonga" >Tonga</country>
	<country value="Trinidad and Tobago" >Trinidad and Tobago</country>
	<country value="Tunisia" >Tunisia</country>
	<country value="Turkey" >Turkey</country>
	<country value="Turkmenistan" >Turkmenistan</country>
	<country value="Tuvalu" >Tuvalu</country>
	<country value="Uganda" >Uganda</country>
	<country value="Ukraine" >Ukraine</country>
	<country value="United Arab Emirates" >United Arab Emirates</country>
	<country value="United Kingdom" >United Kingdom</country>
	<country value="United States" >United States</country>
	<country value="Uruguay" >Uruguay</country>
	<country value="Uzbekistan" >Uzbekistan</country>
	<country value="Vanuatu" >Vanuatu</country>
	<country value="Vatican City" >Vatican City</country>
	<country value="Venezuela" >Venezuela</country>
	<country value="Vietnam" >Vietnam</country>
	<country value="Yemen" >Yemen</country>
	<country value="Zambia" >Zambia</country>
	<country value="Zimbabwe" >Zimbabwe</country>
</countries>