<?xml version="1.0" encoding="utf-8"?>
<states>
 <state value=""> - Select a State - </state>
	 <state value="ak">Alaska</state>
	 <state value="al">Alabama</state>
	 <state value="ar">Arkansas</state>
	 <state value="as">American Samoa</state>
	 <state value="az">Arizona</state>
	 <state value="ca">California</state>
	 <state value="co">Colorado</state>
	 <state value="ct">Connecticut</state>
	 <state value="de">Delaware</state>
	 <state value="fl">Florida</state>
	 <state value="ga">Georgia</state>
	 <state value="gu">Guam</state>
	 <state value="hi">Hawaii</state>
	 <state value="ia">Iowa</state>
	 <state value="id">Idaho</state>
	 <state value="il">Illnois</state>
	 <state value="in">Indiana</state>
	 <state value="ks">Kansas</state>
	 <state value="ky">Kentucky</state>
	 <state value="la">Louisiana</state>
	 <state value="ma">Massachusetts</state>
	 <state value="md">Maryland</state>
	 <state value="me">Maine</state>
	 <state value="mi">Michigan</state>
	 <state value="mn">Minnesota</state>
	 <state value="mo">Missouri</state>
	 <state value="ms">Mississippi</state>
	 <state value="mt">Montana</state>
	 <state value="nc">North Carolina</state>
	 <state value="nd">North Dakota</state>
	 <state value="ne">Nebraska</state>
	 <state value="nh">New Hampshire</state>
	 <state value="nj">New Jersey</state>
	 <state value="nm">New Mexico</state>
	 <state value="nv">Nevada</state>
	 <state value="ny">New York</state>
	 <state value="oh">Ohio</state>
	 <state value="ok">Oklahoma</state>
	 <state value="or">Oregon</state>
	 <state value="pa">Pennsylvania</state>
	 <state value="pr">Puerto Rico</state>
	 <state value="ri">Rhode Island</state>
	 <state value="sc">South Carolina</state>
	 <state value="sd">South Dakota</state> 
	 <state value="tn">Tennesse</state>
	 <state value="tx">Texas</state>
	 <state value="ut">Utah</state>
	 <state value="va">Virginia</state>
	 <state value="vi">Virgin Islands</state>
	 <state value="vt">Vermont</state>
	 <state value="wa">Washington</state>
	 <state value="wi">Wisconsin</state>
	 <state value="wv">West Virginia</state>
	 <state value="wy">Wyoming</state>
 </states>