<?xml version="1.0" encoding="UTF-8"?>
<index>
	<title>Source of CodeGen</title>
	<nodes>
		<node label="bin-release1">
		</node>
		<node label="build.config">
			<node label="cairngen.properties" url="source/build/config/cairngen.properties"/>
			<node label="log.properties" url="source/build/config/log.properties"/>
		</node>
		<node icon="packageIcon" label="build.events" expanded="true">
			<node icon="actionScriptIcon" label="GetContactsEvent.as" url="source/build/events/GetContactsEvent.as.html"/>
			<node icon="actionScriptIcon" label="GetLocationsEvent.as" url="source/build/events/GetLocationsEvent.as.html"/>
			<node icon="actionScriptIcon" label="GetOneContactEvent.as" url="source/build/events/GetOneContactEvent.as.html"/>
			<node icon="actionScriptIcon" label="LocationSelectedEvent.as" url="source/build/events/LocationSelectedEvent.as.html"/>
			<node icon="actionScriptIcon" label="RemoveContactEvent.as" url="source/build/events/RemoveContactEvent.as.html"/>
			<node icon="actionScriptIcon" label="RemoveLocationEvent.as" url="source/build/events/RemoveLocationEvent.as.html"/>
			<node icon="actionScriptIcon" label="SaveContactEvent.as" url="source/build/events/SaveContactEvent.as.html"/>
			<node icon="actionScriptIcon" label="SaveLocationEvent.as" url="source/build/events/SaveLocationEvent.as.html"/>
			<node icon="actionScriptIcon" label="SelectedContactEvent.as" url="source/build/events/SelectedContactEvent.as.html"/>
		</node>
		<node label="build.libs">
			<node label="ant-contrib-1.0b3.jar" url="source/build/libs/ant-contrib-1.0b3.jar"/>
			<node label="antform.jar" url="source/build/libs/antform.jar"/>
		</node>
		<node label="build.templates">
			<node label="cairngorm2.2.1">
				<node label="BusinessDelegate.txt" url="source/build/templates/cairngorm2.2.1/BusinessDelegate.txt"/>
				<node label="CommandExcludeDelegate.txt" url="source/build/templates/cairngorm2.2.1/CommandExcludeDelegate.txt"/>
				<node label="CommandIncludeDelegate.txt" url="source/build/templates/cairngorm2.2.1/CommandIncludeDelegate.txt"/>
				<node label="Event.txt" url="source/build/templates/cairngorm2.2.1/Event.txt"/>
				<node label="FrontController.txt" url="source/build/templates/cairngorm2.2.1/FrontController.txt"/>
				<node label="ModelLocator.txt" url="source/build/templates/cairngorm2.2.1/ModelLocator.txt"/>
				<node label="Services.txt" url="source/build/templates/cairngorm2.2.1/Services.txt"/>
				<node label="ValueObject.txt" url="source/build/templates/cairngorm2.2.1/ValueObject.txt"/>
				<node label="ValueObjectRegisterClass.txt" url="source/build/templates/cairngorm2.2.1/ValueObjectRegisterClass.txt"/>
			</node>
			<node label="view">
				<node label="ViewDetails.txt" url="source/build/templates/view/ViewDetails.txt"/>
				<node label="ViewForm.txt" url="source/build/templates/view/ViewForm.txt"/>
				<node label="ViewList.txt" url="source/build/templates/view/ViewList.txt"/>
			</node>
			<node label="file-header-copy.txt" url="source/build/templates/file-header-copy.txt"/>
		</node>
		<node label="history">
			<node icon="cssIcon" label="history.css" url="source/history/history.css.html"/>
			<node label="history.js" url="source/history/history.js.txt"/>
			<node icon="htmlIcon" label="historyFrame.html" url="source/history/historyFrame.html"/>
		</node>
		<node label="html-template">
			<node icon="htmlIcon" label="index.template.html" url="source/html-template/index.template.html"/>
			<node icon="swfIcon" label="playerProductInstall.swf" url="source/html-template/playerProductInstall.swf"/>
			<node label="swfobject.js" url="source/html-template/swfobject.js.txt"/>
		</node>
		<node label="libs">
			<node label="as3corelib.swc" url="source/libs/as3corelib.swc"/>
			<node label="Cairngorm.swc" url="source/libs/Cairngorm.swc"/>
		</node>
		<node label="src">
			<node icon="packageIcon" label="com.jonniespratley.codegen" expanded="true">
				<node icon="actionScriptIcon" label="CodeGenApplication.as" url="source/com/jonniespratley/codegen/CodeGenApplication.as.html"/>
			</node>
			<node icon="packageIcon" label="com.jonniespratley.codegen.business" expanded="true">
				<node icon="actionScriptIcon" label="CodeGenDelegate.as" url="source/com/jonniespratley/codegen/business/CodeGenDelegate.as.html"/>
				<node icon="actionScriptIcon" label="CodeGenPostDelegate.as" url="source/com/jonniespratley/codegen/business/CodeGenPostDelegate.as.html"/>
				<node icon="mxmlIcon" label="Services.mxml" url="source/com/jonniespratley/codegen/business/Services.mxml.html"/>
			</node>
			<node icon="packageIcon" label="com.jonniespratley.codegen.commands" expanded="true">
				<node icon="actionScriptIcon" label="CallClassFunctionCommand.as" url="source/com/jonniespratley/codegen/commands/CallClassFunctionCommand.as.html"/>
				<node icon="actionScriptIcon" label="CallMethodCommand.as" url="source/com/jonniespratley/codegen/commands/CallMethodCommand.as.html"/>
				<node icon="actionScriptIcon" label="GenerateApplicationCommand.as" url="source/com/jonniespratley/codegen/commands/GenerateApplicationCommand.as.html"/>
				<node icon="actionScriptIcon" label="GenerateConfigCommand.as" url="source/com/jonniespratley/codegen/commands/GenerateConfigCommand.as.html"/>
				<node icon="actionScriptIcon" label="GenerateSchemaCommand.as" url="source/com/jonniespratley/codegen/commands/GenerateSchemaCommand.as.html"/>
				<node icon="actionScriptIcon" label="GetApplicationCommand.as" url="source/com/jonniespratley/codegen/commands/GetApplicationCommand.as.html"/>
				<node icon="actionScriptIcon" label="GetConfigCommand.as" url="source/com/jonniespratley/codegen/commands/GetConfigCommand.as.html"/>
				<node icon="actionScriptIcon" label="GetDatabasesCommand.as" url="source/com/jonniespratley/codegen/commands/GetDatabasesCommand.as.html"/>
				<node icon="actionScriptIcon" label="GetDirectoryCommand.as" url="source/com/jonniespratley/codegen/commands/GetDirectoryCommand.as.html"/>
				<node icon="actionScriptIcon" label="GetOutputCommand.as" url="source/com/jonniespratley/codegen/commands/GetOutputCommand.as.html"/>
				<node icon="actionScriptIcon" label="GetSchemaCommand.as" url="source/com/jonniespratley/codegen/commands/GetSchemaCommand.as.html"/>
				<node icon="actionScriptIcon" label="GetServicesCommand.as" url="source/com/jonniespratley/codegen/commands/GetServicesCommand.as.html"/>
				<node icon="actionScriptIcon" label="GetTemplatesCommand.as" url="source/com/jonniespratley/codegen/commands/GetTemplatesCommand.as.html"/>
				<node icon="actionScriptIcon" label="InspectPHPClassCommand.as" url="source/com/jonniespratley/codegen/commands/InspectPHPClassCommand.as.html"/>
				<node icon="actionScriptIcon" label="ReadFileCommand.as" url="source/com/jonniespratley/codegen/commands/ReadFileCommand.as.html"/>
				<node icon="actionScriptIcon" label="SelectedFileCommand.as" url="source/com/jonniespratley/codegen/commands/SelectedFileCommand.as.html"/>
				<node icon="actionScriptIcon" label="WriteFileCommand.as" url="source/com/jonniespratley/codegen/commands/WriteFileCommand.as.html"/>
			</node>
			<node icon="packageIcon" label="com.jonniespratley.codegen.control" expanded="true">
				<node icon="actionScriptIcon" label="CodeGenController.as" url="source/com/jonniespratley/codegen/control/CodeGenController.as.html"/>
			</node>
			<node icon="packageIcon" label="com.jonniespratley.codegen.events" expanded="true">
				<node icon="actionScriptIcon" label="CallClassFunctionEvent.as" url="source/com/jonniespratley/codegen/events/CallClassFunctionEvent.as.html"/>
				<node icon="actionScriptIcon" label="CallMethodEvent.as" url="source/com/jonniespratley/codegen/events/CallMethodEvent.as.html"/>
				<node icon="actionScriptIcon" label="GenerateApplicationEvent.as" url="source/com/jonniespratley/codegen/events/GenerateApplicationEvent.as.html"/>
				<node icon="actionScriptIcon" label="GenerateConfigEvent.as" url="source/com/jonniespratley/codegen/events/GenerateConfigEvent.as.html"/>
				<node icon="actionScriptIcon" label="GenerateSchemaEvent.as" url="source/com/jonniespratley/codegen/events/GenerateSchemaEvent.as.html"/>
				<node icon="actionScriptIcon" label="GetApplicationEvent.as" url="source/com/jonniespratley/codegen/events/GetApplicationEvent.as.html"/>
				<node icon="actionScriptIcon" label="GetConfigEvent.as" url="source/com/jonniespratley/codegen/events/GetConfigEvent.as.html"/>
				<node icon="actionScriptIcon" label="GetDatabasesEvent.as" url="source/com/jonniespratley/codegen/events/GetDatabasesEvent.as.html"/>
				<node icon="actionScriptIcon" label="GetDirectoryEvent.as" url="source/com/jonniespratley/codegen/events/GetDirectoryEvent.as.html"/>
				<node icon="actionScriptIcon" label="GetOutputEvent.as" url="source/com/jonniespratley/codegen/events/GetOutputEvent.as.html"/>
				<node icon="actionScriptIcon" label="GetSchemaEvent.as" url="source/com/jonniespratley/codegen/events/GetSchemaEvent.as.html"/>
				<node icon="actionScriptIcon" label="GetServicesEvent.as" url="source/com/jonniespratley/codegen/events/GetServicesEvent.as.html"/>
				<node icon="actionScriptIcon" label="GetTemplatesEvent.as" url="source/com/jonniespratley/codegen/events/GetTemplatesEvent.as.html"/>
				<node icon="actionScriptIcon" label="InspectPHPClassEvent.as" url="source/com/jonniespratley/codegen/events/InspectPHPClassEvent.as.html"/>
				<node icon="actionScriptIcon" label="ReadFileEvent.as" url="source/com/jonniespratley/codegen/events/ReadFileEvent.as.html"/>
				<node icon="actionScriptIcon" label="SelectedFileEvent.as" url="source/com/jonniespratley/codegen/events/SelectedFileEvent.as.html"/>
				<node icon="actionScriptIcon" label="WriteFileEvent.as" url="source/com/jonniespratley/codegen/events/WriteFileEvent.as.html"/>
			</node>
			<node icon="packageIcon" label="com.jonniespratley.codegen.library" expanded="true">
				<node icon="actionScriptIcon" label="CodeGenService.as" url="source/com/jonniespratley/codegen/library/CodeGenService.as.html"/>
				<node icon="actionScriptIcon" label="CodeGenServiceEvent.as" url="source/com/jonniespratley/codegen/library/CodeGenServiceEvent.as.html"/>
			</node>
			<node icon="packageIcon" label="com.jonniespratley.codegen.managers" expanded="true">
				<node icon="actionScriptIcon" label="AssetManager.as" url="source/com/jonniespratley/codegen/managers/AssetManager.as.html"/>
				<node icon="actionScriptIcon" label="ASSourceManager.as" url="source/com/jonniespratley/codegen/managers/ASSourceManager.as.html"/>
				<node icon="actionScriptIcon" label="CGManager.as" url="source/com/jonniespratley/codegen/managers/CGManager.as.html"/>
				<node icon="actionScriptIcon" label="MXMLSourceManager.as" url="source/com/jonniespratley/codegen/managers/MXMLSourceManager.as.html"/>
				<node icon="actionScriptIcon" label="PHPSourceManager.as" url="source/com/jonniespratley/codegen/managers/PHPSourceManager.as.html"/>
				<node icon="actionScriptIcon" label="TemplateManager.as" url="source/com/jonniespratley/codegen/managers/TemplateManager.as.html"/>
			</node>
			<node icon="packageIcon" label="com.jonniespratley.codegen.model" expanded="true">
				<node icon="actionScriptIcon" label="ModelLocator.as" url="source/com/jonniespratley/codegen/model/ModelLocator.as.html"/>
			</node>
			<node icon="packageIcon" label="com.jonniespratley.codegen.services" expanded="true">
				<node icon="actionScriptIcon" label="DynamicRequestEvent.as" url="source/com/jonniespratley/codegen/services/DynamicRequestEvent.as.html"/>
				<node icon="actionScriptIcon" label="DynamicRequestResultFormat.as" url="source/com/jonniespratley/codegen/services/DynamicRequestResultFormat.as.html"/>
				<node icon="actionScriptIcon" label="DynamicRequestService.as" url="source/com/jonniespratley/codegen/services/DynamicRequestService.as.html"/>
				<node icon="actionScriptIcon" label="RequestVO.as" url="source/com/jonniespratley/codegen/services/RequestVO.as.html"/>
			</node>
			<node icon="packageIcon" label="com.jonniespratley.codegen.utils" expanded="true">
				<node icon="actionScriptIcon" label="ByteUtils.as" url="source/com/jonniespratley/codegen/utils/ByteUtils.as.html"/>
				<node icon="actionScriptIcon" label="CodeGenUtilities.as" url="source/com/jonniespratley/codegen/utils/CodeGenUtilities.as.html"/>
				<node icon="actionScriptIcon" label="JSONUtilities.as" url="source/com/jonniespratley/codegen/utils/JSONUtilities.as.html"/>
			</node>
			<node icon="packageIcon" label="com.jonniespratley.codegen.view" expanded="true">
				<node icon="mxmlIcon" label="DashboardView.mxml" url="source/com/jonniespratley/codegen/view/DashboardView.mxml.html"/>
				<node icon="mxmlIcon" label="GeneratorView.mxml" url="source/com/jonniespratley/codegen/view/GeneratorView.mxml.html"/>
				<node icon="mxmlIcon" label="MainView.mxml" url="source/com/jonniespratley/codegen/view/MainView.mxml.html"/>
				<node icon="mxmlIcon" label="SettingsView.mxml" url="source/com/jonniespratley/codegen/view/SettingsView.mxml.html"/>
				<node icon="mxmlIcon" label="TemplatesView.mxml" url="source/com/jonniespratley/codegen/view/TemplatesView.mxml.html"/>
			</node>
			<node icon="packageIcon" label="com.jonniespratley.codegen.view.components" expanded="true">
				<node icon="mxmlIcon" label="CollapseDividedBox.mxml" url="source/com/jonniespratley/codegen/view/components/CollapseDividedBox.mxml.html"/>
				<node icon="mxmlIcon" label="DatabaseModels.mxml" url="source/com/jonniespratley/codegen/view/components/DatabaseModels.mxml.html"/>
				<node icon="mxmlIcon" label="EditorHighlighter.mxml" url="source/com/jonniespratley/codegen/view/components/EditorHighlighter.mxml.html"/>
				<node icon="mxmlIcon" label="FileSystem.mxml" url="source/com/jonniespratley/codegen/view/components/FileSystem.mxml.html"/>
				<node icon="mxmlIcon" label="FileSystemCombo.mxml" url="source/com/jonniespratley/codegen/view/components/FileSystemCombo.mxml.html"/>
				<node icon="mxmlIcon" label="GlassHeader.mxml" url="source/com/jonniespratley/codegen/view/components/GlassHeader.mxml.html"/>
			</node>
			<node icon="packageIcon" label="com.jonniespratley.codegen.view.forms" expanded="true">
				<node icon="mxmlIcon" label="ApplicationForm.mxml" url="source/com/jonniespratley/codegen/view/forms/ApplicationForm.mxml.html"/>
				<node icon="mxmlIcon" label="ConfigForm.mxml" url="source/com/jonniespratley/codegen/view/forms/ConfigForm.mxml.html"/>
				<node icon="mxmlIcon" label="SchemaForm.mxml" url="source/com/jonniespratley/codegen/view/forms/SchemaForm.mxml.html"/>
				<node icon="mxmlIcon" label="ServiceNameValueForm.mxml" url="source/com/jonniespratley/codegen/view/forms/ServiceNameValueForm.mxml.html"/>
				<node icon="mxmlIcon" label="ServiceNameValueInput.mxml" url="source/com/jonniespratley/codegen/view/forms/ServiceNameValueInput.mxml.html"/>
				<node icon="mxmlIcon" label="URLBuilderForm.mxml" url="source/com/jonniespratley/codegen/view/forms/URLBuilderForm.mxml.html"/>
			</node>
			<node icon="packageIcon" label="com.jonniespratley.codegen.view.generator" expanded="true">
				<node icon="mxmlIcon" label="GeneratorFormBox.mxml" url="source/com/jonniespratley/codegen/view/generator/GeneratorFormBox.mxml.html"/>
				<node icon="mxmlIcon" label="GeneratorMain.mxml" url="source/com/jonniespratley/codegen/view/generator/GeneratorMain.mxml.html"/>
				<node icon="mxmlIcon" label="GeneratorOutput.mxml" url="source/com/jonniespratley/codegen/view/generator/GeneratorOutput.mxml.html"/>
				<node icon="mxmlIcon" label="GeneratorOutputTree.mxml" url="source/com/jonniespratley/codegen/view/generator/GeneratorOutputTree.mxml.html"/>
				<node icon="mxmlIcon" label="GeneratorWizard.mxml" url="source/com/jonniespratley/codegen/view/generator/GeneratorWizard.mxml.html"/>
			</node>
			<node icon="packageIcon" label="com.jonniespratley.codegen.view.layout" expanded="true">
				<node icon="mxmlIcon" label="CodeGenFooter.mxml" url="source/com/jonniespratley/codegen/view/layout/CodeGenFooter.mxml.html"/>
				<node icon="mxmlIcon" label="CodeGenHeader.mxml" url="source/com/jonniespratley/codegen/view/layout/CodeGenHeader.mxml.html"/>
				<node icon="mxmlIcon" label="CodeGenSectionHeader.mxml" url="source/com/jonniespratley/codegen/view/layout/CodeGenSectionHeader.mxml.html"/>
				<node icon="mxmlIcon" label="CodeGenSectionTitleDesc.mxml" url="source/com/jonniespratley/codegen/view/layout/CodeGenSectionTitleDesc.mxml.html"/>
				<node icon="mxmlIcon" label="CodeGenSidebox.mxml" url="source/com/jonniespratley/codegen/view/layout/CodeGenSidebox.mxml.html"/>
			</node>
			<node icon="packageIcon" label="com.jonniespratley.codegen.view.renderers" expanded="true">
				<node icon="mxmlIcon" label="TableRenderer.mxml" url="source/com/jonniespratley/codegen/view/renderers/TableRenderer.mxml.html"/>
			</node>
			<node icon="packageIcon" label="com.jonniespratley.codegen.view.serviceinspector" expanded="true">
				<node icon="mxmlIcon" label="GETPOSTTest.mxml" url="source/com/jonniespratley/codegen/view/serviceinspector/GETPOSTTest.mxml.html"/>
				<node icon="mxmlIcon" label="ServiceDetails.mxml" url="source/com/jonniespratley/codegen/view/serviceinspector/ServiceDetails.mxml.html"/>
				<node icon="mxmlIcon" label="ServiceHistory.mxml" url="source/com/jonniespratley/codegen/view/serviceinspector/ServiceHistory.mxml.html"/>
				<node icon="mxmlIcon" label="ServiceInspectorMain.mxml" url="source/com/jonniespratley/codegen/view/serviceinspector/ServiceInspectorMain.mxml.html"/>
				<node icon="mxmlIcon" label="ServiceInspectorResults.mxml" url="source/com/jonniespratley/codegen/view/serviceinspector/ServiceInspectorResults.mxml.html"/>
				<node icon="mxmlIcon" label="ServiceTree.mxml" url="source/com/jonniespratley/codegen/view/serviceinspector/ServiceTree.mxml.html"/>
			</node>
			<node icon="packageIcon" label="com.jonniespratley.codegen.view.templates" expanded="true">
				<node icon="mxmlIcon" label="ServiceTester.mxml" url="source/com/jonniespratley/codegen/view/templates/ServiceTester.mxml.html"/>
				<node icon="mxmlIcon" label="TableDetail.mxml" url="source/com/jonniespratley/codegen/view/templates/TableDetail.mxml.html"/>
				<node icon="mxmlIcon" label="TableForm.mxml" url="source/com/jonniespratley/codegen/view/templates/TableForm.mxml.html"/>
				<node icon="mxmlIcon" label="TableList.mxml" url="source/com/jonniespratley/codegen/view/templates/TableList.mxml.html"/>
				<node icon="mxmlIcon" label="TableMain.mxml" url="source/com/jonniespratley/codegen/view/templates/TableMain.mxml.html"/>
				<node icon="actionScriptIcon" label="TestSchemaService.as" url="source/com/jonniespratley/codegen/view/templates/TestSchemaService.as.html"/>
			</node>
			<node icon="packageIcon" label="com.jonniespratley.codegen.view.windows" expanded="true">
				<node icon="mxmlIcon" label="CodePreviewWindow.mxml" url="source/com/jonniespratley/codegen/view/windows/CodePreviewWindow.mxml.html"/>
				<node icon="mxmlIcon" label="DatabaseConnectionWindow.mxml" url="source/com/jonniespratley/codegen/view/windows/DatabaseConnectionWindow.mxml.html"/>
				<node icon="mxmlIcon" label="DebugWindow.mxml" url="source/com/jonniespratley/codegen/view/windows/DebugWindow.mxml.html"/>
				<node icon="mxmlIcon" label="LocalFileSystemWindow.mxml" url="source/com/jonniespratley/codegen/view/windows/LocalFileSystemWindow.mxml.html"/>
				<node icon="mxmlIcon" label="WelcomeWindow.mxml" url="source/com/jonniespratley/codegen/view/windows/WelcomeWindow.mxml.html"/>
			</node>
			<node icon="packageIcon" label="com.jonniespratley.codegen.vo" expanded="true">
				<node icon="actionScriptIcon" label="ApplicationVO.as" url="source/com/jonniespratley/codegen/vo/ApplicationVO.as.html"/>
				<node icon="actionScriptIcon" label="ConfigVO.as" url="source/com/jonniespratley/codegen/vo/ConfigVO.as.html"/>
				<node icon="actionScriptIcon" label="Database.as" url="source/com/jonniespratley/codegen/vo/Database.as.html"/>
				<node icon="actionScriptIcon" label="Field.as" url="source/com/jonniespratley/codegen/vo/Field.as.html"/>
				<node icon="actionScriptIcon" label="FileVO.as" url="source/com/jonniespratley/codegen/vo/FileVO.as.html"/>
				<node icon="actionScriptIcon" label="GeneratedCodeVO.as" url="source/com/jonniespratley/codegen/vo/GeneratedCodeVO.as.html"/>
				<node icon="actionScriptIcon" label="OptionsVO.as" url="source/com/jonniespratley/codegen/vo/OptionsVO.as.html"/>
				<node icon="actionScriptIcon" label="PHPClassVO.as" url="source/com/jonniespratley/codegen/vo/PHPClassVO.as.html"/>
				<node icon="actionScriptIcon" label="PHPMethodVO.as" url="source/com/jonniespratley/codegen/vo/PHPMethodVO.as.html"/>
				<node icon="actionScriptIcon" label="PHPParamVO.as" url="source/com/jonniespratley/codegen/vo/PHPParamVO.as.html"/>
				<node icon="actionScriptIcon" label="PHPResultsVO.as" url="source/com/jonniespratley/codegen/vo/PHPResultsVO.as.html"/>
				<node icon="actionScriptIcon" label="SchemaVO.as" url="source/com/jonniespratley/codegen/vo/SchemaVO.as.html"/>
				<node icon="actionScriptIcon" label="Table.as" url="source/com/jonniespratley/codegen/vo/Table.as.html"/>
			</node>
			<node icon="packageIcon" label="skin.project" expanded="true">
				<node icon="cssIcon" label="project.css" url="source/skin/project/project.css.html"/>
			</node>
			<node label="skin.project.cg_icons">
				<node icon="imageIcon" label="icon_016.png" url="source/skin/project/cg_icons/icon_016.png.html"/>
				<node icon="imageIcon" label="icon_032.png" url="source/skin/project/cg_icons/icon_032.png.html"/>
				<node icon="imageIcon" label="icon_048.png" url="source/skin/project/cg_icons/icon_048.png.html"/>
				<node icon="imageIcon" label="icon_128.png" url="source/skin/project/cg_icons/icon_128.png.html"/>
				<node icon="imageIcon" label="icon_256.png" url="source/skin/project/cg_icons/icon_256.png.html"/>
				<node icon="imageIcon" label="icon_512.png" url="source/skin/project/cg_icons/icon_512.png.html"/>
			</node>
			<node icon="packageIcon" label="skin.project.components" expanded="true">
				<node icon="mxmlIcon" label="Pod.mxml" url="source/skin/project/components/Pod.mxml.html"/>
				<node icon="mxmlIcon" label="PodHeader.mxml" url="source/skin/project/components/PodHeader.mxml.html"/>
				<node icon="mxmlIcon" label="ProjectFooter.mxml" url="source/skin/project/components/ProjectFooter.mxml.html"/>
				<node icon="mxmlIcon" label="ProjectHeader.mxml" url="source/skin/project/components/ProjectHeader.mxml.html"/>
			</node>
			<node label="skin.project.fonts">
				<node icon="swfIcon" label="Helvetica-Neue.swf" url="source/skin/project/fonts/Helvetica-Neue.swf"/>
				<node icon="swfIcon" label="Helvetica.swf" url="source/skin/project/fonts/Helvetica.swf"/>
			</node>
			<node label="skin.project.icons">
				<node icon="imageIcon" label="block--minus.png" url="source/skin/project/icons/block--minus.png.html"/>
				<node icon="imageIcon" label="block--plus.png" url="source/skin/project/icons/block--plus.png.html"/>
				<node icon="imageIcon" label="cg_logo.png" url="source/skin/project/icons/cg_logo.png.html"/>
				<node icon="imageIcon" label="database-small.png" url="source/skin/project/icons/database-small.png.html"/>
				<node icon="imageIcon" label="si_logo.png" url="source/skin/project/icons/si_logo.png.html"/>
				<node icon="imageIcon" label="sv_logo.png" url="source/skin/project/icons/sv_logo.png.html"/>
				<node icon="imageIcon" label="table-small.png" url="source/skin/project/icons/table-small.png.html"/>
			</node>
			<node label="skin.project.images">
				<node icon="imageIcon" label="closeNav.png" url="source/skin/project/images/closeNav.png.html"/>
				<node icon="imageIcon" label="downArrow.png" url="source/skin/project/images/downArrow.png.html"/>
				<node icon="swfIcon" label="header.swf" url="source/skin/project/images/header.swf"/>
				<node icon="imageIcon" label="openNav.png" url="source/skin/project/images/openNav.png.html"/>
				<node icon="imageIcon" label="scrolltrack.png" url="source/skin/project/images/scrolltrack.png.html"/>
				<node icon="imageIcon" label="sliderThumb.png" url="source/skin/project/images/sliderThumb.png.html"/>
				<node icon="imageIcon" label="sliderThumb_down.png" url="source/skin/project/images/sliderThumb_down.png.html"/>
				<node icon="imageIcon" label="sliderThumb_over.png" url="source/skin/project/images/sliderThumb_over.png.html"/>
				<node icon="imageIcon" label="thumb.png" url="source/skin/project/images/thumb.png.html"/>
				<node icon="imageIcon" label="upArrow.png" url="source/skin/project/images/upArrow.png.html"/>
			</node>
			<node label="cairngenremix-log.txt" url="source/cairngenremix-log.txt"/>
			<node icon="mxmlIcon" label="cg_service_browser.mxml" url="source/cg_service_browser.mxml.html"/>
			<node icon="mxmlAppIcon" selected="true" label="flex_codegen.mxml" url="source/flex_codegen.mxml.html"/>
		</node>
		<node label="AC_OETags.js" url="source/AC_OETags.js.txt"/>
		<node label="build.xml" url="source/build.xml.txt"/>
		<node label="CodeGenFlexSrc.tmproj" url="source/CodeGenFlexSrc.tmproj"/>
		<node icon="htmlIcon" label="main.html" url="source/main.html"/>
		<node icon="swfIcon" label="main.swf" url="source/main.swf"/>
		<node icon="swfIcon" label="playerProductInstall.swf" url="source/playerProductInstall.swf"/>
		<node label="project.properties" url="source/project.properties"/>
	</nodes>
	<zipfile label="Download source (ZIP, 2139K)" url="CodeGen.zip">
	</zipfile>
	<sdklink label="Download Flex SDK" url="http://www.adobe.com/go/flex4_sdk_download">
	</sdklink>
</index>
