<?xml version="1.0"?>
<schema name="test">
  <table name="categories">
    <field name="category_id" type="int" required="true" key="pri" extra="auto_increment"/>
    <field name="category_name" type="varchar" required="false"/>
  </table>
  <table name="comments">
    <field name="id" type="int" required="true" key="pri" extra="auto_increment"/>
    <field name="comment_name" type="varchar" required="true"/>
    <field name="comment_body" type="text" required="false"/>
    <field name="comment_created" type="timestamp" required="true" default="current_timestamp"/>
  </table>
  <table name="contacts">
    <field name="id" type="mediumint" required="true" key="pri" extra="auto_increment"/>
    <field name="name" type="varchar" required="false"/>
    <field name="address" type="varchar" required="false"/>
    <field name="city" type="varchar" required="false"/>
    <field name="state" type="varchar" required="false"/>
    <field name="country" type="varchar" required="false"/>
    <field name="email" type="varchar" required="false"/>
    <field name="phone" type="varchar" required="false"/>
    <field name="zip" type="varchar" required="false"/>
    <field name="date" type="varchar" required="false"/>
  </table>
  <table name="entries">
    <field name="id" type="int" required="true" key="pri" extra="auto_increment"/>
    <field name="entry_title" type="varchar" required="true"/>
    <field name="entry_body" type="text" required="false"/>
    <field name="location_id" type="int" required="true"/>
    <field name="user_id" type="int" required="true"/>
    <field name="upload_id" type="int" required="false"/>
    <field name="entry_created" type="timestamp" required="true" default="current_timestamp"/>
  </table>
  <table name="locations">
    <field name="id" type="int" required="true" key="pri" extra="auto_increment"/>
    <field name="loc_title" type="varchar" required="true"/>
    <field name="loc_address" type="varchar" required="true"/>
    <field name="loc_city" type="varchar" required="true"/>
    <field name="loc_state" type="varchar" required="true"/>
    <field name="loc_country" type="varchar" required="true"/>
    <field name="loc_zip" type="int" required="false" default="0"/>
    <field name="loc_date" type="date" required="false" default="0000-00-00"/>
    <field name="loc_guests" type="text" required="false"/>
    <field name="type_id" type="int" required="false"/>
    <field name="map_id" type="int" required="false"/>
    <field name="user_id" type="int" required="true"/>
    <field name="loc_created" type="timestamp" required="true" default="current_timestamp"/>
  </table>
  <table name="locations_tags">
    <field name="id" type="int" required="true" key="pri" extra="auto_increment"/>
    <field name="location_id" type="int" required="true"/>
    <field name="tag_id" type="int" required="true"/>
  </table>
  <table name="maps">
    <field name="id" type="int" required="true" key="pri" extra="auto_increment"/>
    <field name="map_lat" type="float," required="false" default="0.000000"/>
    <field name="map_lon" type="float," required="false" default="0.000000"/>
    <field name="map_type" type="varchar" required="true"/>
    <field name="location_id" type="int" required="true"/>
    <field name="user_id" type="int" required="true"/>
  </table>
  <table name="posts">
    <field name="id" type="mediumint unsigned" required="true" key="pri" extra="auto_increment"/>
    <field name="title" type="text" required="false"/>
    <field name="excerpt" type="text" required="false"/>
    <field name="body" type="text" required="false"/>
  </table>
  <table name="rsvp">
    <field name="id" type="mediumint unsigned" required="true" key="pri" extra="auto_increment"/>
    <field name="first" type="varchar" required="false"/>
    <field name="last" type="varchar" required="false"/>
    <field name="phone" type="varchar" required="false"/>
    <field name="email" type="varchar" required="false"/>
    <field name="state" type="varchar" required="false"/>
  </table>
  <table name="states_state">
    <field name="id_state" type="double" required="false"/>
    <field name="name_state" type="varchar" required="false"/>
  </table>
  <table name="tags">
    <field name="id" type="int" required="true" key="pri" extra="auto_increment"/>
    <field name="tag_title" type="varchar" required="true"/>
    <field name="user_id" type="int" required="true" key="mul"/>
  </table>
  <table name="test_entries_view">
    <field name="id" type="int" required="true" default="0"/>
    <field name="entry_title" type="varchar" required="true"/>
    <field name="entry_body" type="text" required="false"/>
    <field name="location_id" type="int" required="true"/>
    <field name="user_id" type="int" required="true"/>
    <field name="upload_id" type="int" required="false"/>
    <field name="entry_created" type="timestamp" required="true" default="0000-00-00 00:00:00"/>
  </table>
  <table name="types">
    <field name="id" type="int" required="true" key="pri" extra="auto_increment"/>
    <field name="type_title" type="varchar" required="true"/>
    <field name="user_id" type="int" required="true"/>
  </table>
  <table name="uploads">
    <field name="id" type="int" required="true" key="pri" extra="auto_increment"/>
    <field name="upload_name" type="varchar" required="true"/>
    <field name="upload_size" type="varchar" required="false"/>
    <field name="upload_type" type="varchar" required="false"/>
    <field name="user_id" type="int" required="true"/>
  </table>
  <table name="users">
    <field name="user_id" type="int unsigned" required="true" key="pri" extra="auto_increment"/>
    <field name="comp_id" type="varchar" required="false"/>
    <field name="branch_id" type="varchar" required="false"/>
    <field name="user_fname" type="varchar" required="false"/>
    <field name="user_lname" type="varchar" required="false"/>
    <field name="user_password" type="varchar" required="false"/>
    <field name="user_idtype" type="varchar" required="false"/>
    <field name="user_docid" type="varchar" required="false"/>
    <field name="user_dob" type="date" required="false"/>
    <field name="user_empid" type="varchar" required="false"/>
    <field name="user_address" type="text" required="false"/>
    <field name="user_telh" type="varchar" required="false"/>
    <field name="user_telw" type="varchar" required="false"/>
    <field name="user_cell" type="varchar" required="false"/>
    <field name="user_email" type="varchar" required="false"/>
    <field name="user_securityrole" type="int unsigned" required="false"/>
    <field name="user_logindate" type="datetime" required="false"/>
  </table>
</schema>
