<?xml version="1.0" encoding="UTF-8"?>
<index>
	<title>Source of Snippr</title>
	<nodes>
		<node label="build">
			<node label="config">
				<node label="cairngen.properties" url="source/build/config/cairngen.properties"/>
				<node label="log.properties" url="source/build/config/log.properties"/>
			</node>
			<node label="libs">
				<node label="ant-contrib-1.0b3.jar" url="source/build/libs/ant-contrib-1.0b3.jar"/>
			</node>
			<node label="templates">
				<node label="cairngorm2.2.1">
					<node label="BusinessDelegate.tpl" url="source/build/templates/cairngorm2.2.1/BusinessDelegate.tpl"/>
					<node label="CommandExcludeDelegate.tpl" url="source/build/templates/cairngorm2.2.1/CommandExcludeDelegate.tpl"/>
					<node label="CommandIncludeDelegate.tpl" url="source/build/templates/cairngorm2.2.1/CommandIncludeDelegate.tpl"/>
					<node label="Event.tpl" url="source/build/templates/cairngorm2.2.1/Event.tpl"/>
					<node label="FrontController.tpl" url="source/build/templates/cairngorm2.2.1/FrontController.tpl"/>
					<node label="ModelLocator.tpl" url="source/build/templates/cairngorm2.2.1/ModelLocator.tpl"/>
					<node label="Services.tpl" url="source/build/templates/cairngorm2.2.1/Services.tpl"/>
					<node label="ValueObject.tpl" url="source/build/templates/cairngorm2.2.1/ValueObject.tpl"/>
					<node label="ValueObjectRegisterClass.tpl" url="source/build/templates/cairngorm2.2.1/ValueObjectRegisterClass.tpl"/>
				</node>
				<node label="file-header-copy.tpl" url="source/build/templates/file-header-copy.tpl"/>
			</node>
		</node>
		<node label="libs">
			<node label="Cairngorm.swc" url="source/libs/Cairngorm.swc"/>
			<node label="corelib.swc" url="source/libs/corelib.swc"/>
		</node>
		<node label="src" icon="classpathIcon" expanded="true">
			<node label="assets">
				<node label="SnipperWhite.png" icon="imageIcon" url="source/assets/SnipperWhite.png.html"/>
				<node label="snippr.css" icon="cssIcon" url="source/assets/snippr.css.html"/>
				<node label="Thumbs.db" url="source/assets/Thumbs.db"/>
			</node>
			<node label="com.jonniespratley.snippr.business" icon="packageIcon" expanded="true">
				<node label="Services.mxml" icon="mxmlIcon" url="source/com/jonniespratley/snippr/business/Services.mxml.html"/>
				<node label="SnipprDelegate.as" icon="actionScriptIcon" url="source/com/jonniespratley/snippr/business/SnipprDelegate.as.html"/>
			</node>
			<node label="com.jonniespratley.snippr.commands" icon="packageIcon" expanded="true">
				<node label="SnapScreenshotCommand.as" icon="actionScriptIcon" url="source/com/jonniespratley/snippr/commands/SnapScreenshotCommand.as.html"/>
				<node label="SnippetGetCommand.as" icon="actionScriptIcon" url="source/com/jonniespratley/snippr/commands/SnippetGetCommand.as.html"/>
				<node label="SnippetRemoveCommand.as" icon="actionScriptIcon" url="source/com/jonniespratley/snippr/commands/SnippetRemoveCommand.as.html"/>
				<node label="SnippetSaveCommand.as" icon="actionScriptIcon" url="source/com/jonniespratley/snippr/commands/SnippetSaveCommand.as.html"/>
				<node label="SnipprCommand.as" icon="actionScriptIcon" url="source/com/jonniespratley/snippr/commands/SnipprCommand.as.html"/>
			</node>
			<node label="com.jonniespratley.snippr.control" icon="packageIcon" expanded="true">
				<node label="SnipprController.as" icon="actionScriptIcon" url="source/com/jonniespratley/snippr/control/SnipprController.as.html"/>
			</node>
			<node label="com.jonniespratley.snippr.events" icon="packageIcon" expanded="true">
				<node label="SnapScreenshotEvent.as" icon="actionScriptIcon" url="source/com/jonniespratley/snippr/events/SnapScreenshotEvent.as.html"/>
				<node label="SnippetGetEvent.as" icon="actionScriptIcon" url="source/com/jonniespratley/snippr/events/SnippetGetEvent.as.html"/>
				<node label="SnippetRemoveEvent.as" icon="actionScriptIcon" url="source/com/jonniespratley/snippr/events/SnippetRemoveEvent.as.html"/>
				<node label="SnippetSaveEvent.as" icon="actionScriptIcon" url="source/com/jonniespratley/snippr/events/SnippetSaveEvent.as.html"/>
				<node label="SnipprEvent.as" icon="actionScriptIcon" url="source/com/jonniespratley/snippr/events/SnipprEvent.as.html"/>
			</node>
			<node label="com.jonniespratley.snippr.model" icon="packageIcon" expanded="true">
				<node label="ModelLocator.as" icon="actionScriptIcon" url="source/com/jonniespratley/snippr/model/ModelLocator.as.html"/>
			</node>
			<node label="com.jonniespratley.snippr.services" icon="packageIcon" expanded="true">
				<node label="SnipprService.as" icon="actionScriptIcon" url="source/com/jonniespratley/snippr/services/SnipprService.as.html"/>
			</node>
			<node label="com.jonniespratley.snippr.view" icon="packageIcon" expanded="true">
				<node label="ApplicationBar.mxml" icon="mxmlIcon" url="source/com/jonniespratley/snippr/view/ApplicationBar.mxml.html"/>
				<node label="MainView.mxml" icon="mxmlIcon" url="source/com/jonniespratley/snippr/view/MainView.mxml.html"/>
				<node label="SnippetCairngormView.mxml" icon="mxmlIcon" url="source/com/jonniespratley/snippr/view/SnippetCairngormView.mxml.html"/>
				<node label="SnipprProxyView.mxml" icon="mxmlIcon" url="source/com/jonniespratley/snippr/view/SnipprProxyView.mxml.html"/>
			</node>
			<node label="com.jonniespratley.snippr.view.components" icon="packageIcon" expanded="true">
				<node label="CodeView.mxml" icon="mxmlIcon" url="source/com/jonniespratley/snippr/view/components/CodeView.mxml.html"/>
				<node label="ScreenshotView.mxml" icon="mxmlIcon" url="source/com/jonniespratley/snippr/view/components/ScreenshotView.mxml.html"/>
				<node label="SnippetFormCairngorm.mxml" icon="mxmlIcon" url="source/com/jonniespratley/snippr/view/components/SnippetFormCairngorm.mxml.html"/>
				<node label="SnippetFormProxy.mxml" icon="mxmlIcon" url="source/com/jonniespratley/snippr/view/components/SnippetFormProxy.mxml.html"/>
				<node label="SnippetListCairngorm.mxml" icon="mxmlIcon" url="source/com/jonniespratley/snippr/view/components/SnippetListCairngorm.mxml.html"/>
				<node label="SnippetListProxy.mxml" icon="mxmlIcon" url="source/com/jonniespratley/snippr/view/components/SnippetListProxy.mxml.html"/>
			</node>
			<node label="com.jonniespratley.snippr.vo" icon="packageIcon" expanded="true">
				<node label="SnippetVO.as" icon="actionScriptIcon" url="source/com/jonniespratley/snippr/vo/SnippetVO.as.html"/>
			</node>
			<node label="cairngen-log.txt" url="source/cairngen-log.txt"/>
			<node label="services-config.xml" url="source/services-config.xml.txt"/>
			<node label="Snippr-app.xml" url="source/Snippr-app.xml.txt"/>
			<node selected="true" label="Snippr.mxml" icon="mxmlAppIcon" url="source/Snippr.mxml.html"/>
		</node>
		<node label="build.xml" url="source/build.xml.txt"/>
		<node label="project.properties" url="source/project.properties"/>
	</nodes>
</index>
