<?xml version="1.0"?>
<schema name="demo">
  <table name="categorys">
    <field name="id" type="mediumint unsigned" required="true" key="pri" extra="auto_increment"/>
    <field name="category" type="text" required="false"/>
    <field name="users_id" type="int" required="false"/>
  </table>
  <table name="posts">
    <field name="id" type="mediumint unsigned" required="true" key="pri" extra="auto_increment"/>
    <field name="title" type="text" required="false"/>
    <field name="body" type="text" required="false"/>
    <field name="users_id" type="varchar" required="false"/>
    <field name="categorys_id" type="varchar" required="false"/>
    <field name="tags_id" type="varchar" required="false"/>
    <field name="created" type="timestamp" required="false"/>
  </table>
  <table name="tags">
    <field name="id" type="mediumint unsigned" required="true" key="pri" extra="auto_increment"/>
    <field name="tag" type="text" required="false"/>
    <field name="users_id" type="int" required="false"/>
  </table>
  <table name="users">
    <field name="id" type="mediumint unsigned" required="true" key="pri" extra="auto_increment"/>
    <field name="name" type="varchar" required="false"/>
    <field name="email" type="varchar" required="false"/>
    <field name="created" type="varchar" required="false"/>
  </table>
</schema>
