[Mon Aug 3 2009 23:30:45] [statuses/public_timeline.json] [{"text":"@yikesitsjessica hahah well hes leaving on friday and he has a busy week. hahhaha so its kinda difficult haha","in_reply_to_user_id":34638894,"user":{"description":"18.sunglasses.california.jonas brothers","utc_offset":-28800,"profile_text_color":"0C3E53","screen_name":"roaritsmolly","verified":false,"profile_background_image_url":"http:\/\/static.twitter.com\/images\/themes\/theme12\/bg.gif","followers_count":34,"profile_link_color":"FF0000","profile_background_tile":false,"friends_count":63,"url":"http:\/\/myspace.com\/roaritsmolly","name":"molly delduca","created_at":"Thu Apr 09 03:56:45 +0000 2009","profile_background_color":"BADFCD","protected":false,"favourites_count":0,"profile_sidebar_fill_color":"FFF7CC","notifications":null,"time_zone":"Pacific Time (US & Canada)","following":null,"statuses_count":544,"profile_sidebar_border_color":"F2E195","location":"washington","id":29914945,"profile_image_url":"http:\/\/s3.amazonaws.com\/twitter_production\/profile_images\/130041182\/phone_pictures_033_normal.JPG"},"favorited":false,"in_reply_to_screen_name":"yikesitsjessica","created_at":"Tue Aug 04 06:30:45 +0000 2009","truncated":false,"id":3120086071,"in_reply_to_status_id":3120064712,"source":"web"},{"text":"@mkarre lmao.. Gotta find a tweetsmut","in_reply_to_user_id":24615900,"user":{"description":"hmm.. im an account exec.. ur mom is prob following me too","utc_offset":-28800,"profile_text_color":"333333","screen_name":"b_easy","verified":false,"profile_background_image_url":"http:\/\/s3.amazonaws.com\/twitter_production\/profile_background_images\/7107119\/bentley_trunk_emblem_1.jpg","followers_count":353,"profile_link_color":"0084B4","profile_background_tile":false,"friends_count":473,"url":"http:\/\/www.facebook.com\/profile.php?id=151900355&ref=profile","name":"bryan.a.lee","created_at":"Tue Dec 30 22:59:28 +0000 2008","profile_background_color":"9AE4E8","protected":false,"favourites_count":1,"profile_sidebar_fill_color":"DDFFCC","notifications":null,"time_zone":"Pacific Time (US & Canada)","following":null,"statuses_count":2804,"profile_sidebar_border_color":"BDDCAD","location":"\u00dcT: 37.284913,-121.808823","id":18491573,"profile_image_url":"http:\/\/s3.amazonaws.com\/twitter_production\/profile_images\/321798616\/mee_normal.jpg"},"favorited":false,"in_reply_to_screen_name":"mkarre","created_at":"Tue Aug 04 06:30:45 +0000 2009","truncated":false,"id":3120086070,"in_reply_to_status_id":3120043030,"source":"<a href=\"http:\/\/ubertwitter.com\">UberTwitter<\/a>"},{"text":"Visit our website for Karate, Qi Gong, Meditation and Yoga http:\/\/www.karateschule.ch\/","in_reply_to_user_id":null,"user":{"description":"Kampfsportschule Aarau - Schule f\u00fcr trad. Karate (Shotokan Karate), Qi Gong und Yoga (Hatha-Yoga)","utc_offset":-10800,"profile_text_color":"000000","screen_name":"kampfsport7","verified":false,"profile_background_image_url":"http:\/\/static.twitter.com\/images\/themes\/theme1\/bg.gif","followers_count":10,"profile_link_color":"0000ff","profile_background_tile":false,"friends_count":92,"url":"http:\/\/www.karateschule.ch\/","name":"Karate Qi Gong Yoga","created_at":"Tue Feb 10 10:06:19 +0000 2009","profile_background_color":"9ae4e8","protected":false,"favourites_count":3,"profile_sidebar_fill_color":"e0ff92","notifications":null,"time_zone":"Greenland","following":null,"statuses_count":7,"profile_sidebar_border_color":"87bc44","location":"Aarau","id":20504146,"profile_image_url":"http:\/\/s3.amazonaws.com\/twitter_production\/profile_images\/344074619\/tiger_normal.jpg"},"favorited":false,"in_reply_to_screen_name":null,"created_at":"Tue Aug 04 06:30:45 +0000 2009","truncated":false,"id":3120086068,"in_reply_to_status_id":null,"source":"web"},{"text":"just smuggled a dead midget cop into his house....","in_reply_to_user_id":null,"user":{"description":"I love music with passion, im really into paganism and witchcraft....and ull never find anybody else that loves helping other people out as much as me.....","utc_offset":-18000,"profile_text_color":"3E4415","screen_name":"Domia_abr_Wyrda","verified":false,"profile_background_image_url":"http:\/\/static.twitter.com\/images\/themes\/theme5\/bg.gif","followers_count":30,"profile_link_color":"D02B55","profile_background_tile":false,"friends_count":20,"url":null,"name":"Peter Hatter","created_at":"Sat Apr 11 17:00:20 +0000 2009","profile_background_color":"352726","protected":false,"favourites_count":0,"profile_sidebar_fill_color":"99CC33","notifications":null,"time_zone":"Quito","following":null,"statuses_count":68,"profile_sidebar_border_color":"829D5E","location":"Avalon","id":30480205,"profile_image_url":"http:\/\/s3.amazonaws.com\/twitter_production\/profile_images\/133472540\/Chillin_to_Music_2_normal.jpg"},"favorited":false,"in_reply_to_screen_name":null,"created_at":"Tue Aug 04 06:30:45 +0000 2009","truncated":false,"id":3120086067,"in_reply_to_status_id":null,"source":"web"},{"text":"@rosnaRU \u042d\u0442\u043e \u0433\u043e\u0432\u043e\u0440\u0438\u0442 \u0447\u0435\u043b\u043e\u0432\u0435\u043a, \u043d\u0430\u0437\u0432\u0430\u0432\u0448\u0438\u0439 \u043a\u043e\u0442\u044d \u0410\u043b\u0435\u043a\u0441\u0430\u043d\u0434\u0440\u043e\u0439!","in_reply_to_user_id":29950094,"user":{"description":"IT-geek and podcaster","utc_offset":10800,"profile_text_color":"4f4f4f","screen_name":"ponomar","profile_background_image_url":"http:\/\/static.twitter.com\/images\/themes\/theme7\/bg.gif","notifications":null,"profile_link_color":"fa4200","statuses_count":8901,"profile_background_tile":false,"url":"http:\/\/ponomar.org","name":"ponomar","created_at":"Sat Oct 20 13:28:41 +0000 2007","profile_background_color":"000000","protected":false,"favourites_count":24,"followers_count":636,"profile_sidebar_fill_color":"f0f0f0","verified":false,"time_zone":"Moscow","friends_count":162,"following":null,"profile_sidebar_border_color":"dacece","location":"Russia, Ulyanovsk","id":9561362,"profile_image_url":"http:\/\/s3.amazonaws.com\/twitter_production\/profile_images\/345614642\/pedofilya3_normal.png"},"favorited":false,"in_reply_to_screen_name":"rosnaRU","created_at":"Tue Aug 04 06:30:44 +0000 2009","truncated":false,"id":3120086062,"in_reply_to_status_id":3120059849,"source":"<a href=\"http:\/\/www.tweetdeck.com\/\">TweetDeck<\/a>"},{"text":"Ngomong2, pesawat merpati tu beneran jatoh ya di papua? Tim SAR br nemu ekornya. Hayaaaahh.. Many bad things just happened recently..","in_reply_to_user_id":null,"user":{"description":"cynical dreamer. tweeting in english and bahasa, sometimes korean and japanese, and yes, i am a random talker.","utc_offset":25200,"profile_text_color":"000000","screen_name":"mitchuu","profile_background_image_url":"http:\/\/s3.amazonaws.com\/twitter_production\/profile_background_images\/23009382\/img-thing.jpg","notifications":null,"profile_link_color":"f52776","statuses_count":1971,"profile_background_tile":true,"url":"http:\/\/coffee-story.blogspot.com","name":"paramitha ahimsha","created_at":"Wed Jun 03 10:07:14 +0000 2009","profile_background_color":"94eaf7","protected":false,"favourites_count":0,"followers_count":166,"profile_sidebar_fill_color":"94eaf7","verified":false,"time_zone":"Jakarta","friends_count":97,"following":null,"profile_sidebar_border_color":"d43766","location":"\u00dcT: -6.322819,106.766917","id":44331153,"profile_image_url":"http:\/\/s3.amazonaws.com\/twitter_production\/profile_images\/343991088\/twitterProfilePhoto_normal.jpg"},"favorited":false,"in_reply_to_screen_name":null,"created_at":"Tue Aug 04 06:30:44 +0000 2009","truncated":false,"id":3120086061,"in_reply_to_status_id":null,"source":"<a href=\"http:\/\/ubertwitter.com\">UberTwitter<\/a>"},{"text":"@jamaiicanmamii smh...well you betta call tyrone","in_reply_to_user_id":50745037,"user":{"description":"I just be chillin man","utc_offset":-18000,"profile_text_color":"333333","screen_name":"mr_outstanding","profile_background_image_url":"http:\/\/s3.amazonaws.com\/twitter_production\/profile_background_images\/25603789\/team.jpg","notifications":null,"profile_link_color":"1508d9","statuses_count":2462,"profile_background_tile":true,"url":null,"name":"Oneil Williams","created_at":"Sat Dec 27 20:41:36 +0000 2008","profile_background_color":"9AE4E8","protected":false,"favourites_count":0,"followers_count":229,"profile_sidebar_fill_color":"f8f3f1","verified":false,"time_zone":"Eastern Time (US & Canada)","friends_count":250,"following":null,"profile_sidebar_border_color":"b4c2ae","location":"\u00dcT: 40.663063,-73.735236","id":18414281,"profile_image_url":"http:\/\/s3.amazonaws.com\/twitter_production\/profile_images\/339147327\/me2_normal.jpg"},"favorited":false,"in_reply_to_screen_name":"jamaiicanmamii","created_at":"Tue Aug 04 06:30:44 +0000 2009","truncated":false,"id":3120086060,"in_reply_to_status_id":3120073851,"source":"web"},{"text":"Character is not made in a crisis it is only exhibited.","in_reply_to_user_id":null,"user":{"description":"Hi thanks for viewing my profile, please take the time to look at my blog http:\/\/bit.ly\/bit110","utc_offset":null,"profile_text_color":"000000","screen_name":"orva_stargirl","profile_background_image_url":"http:\/\/static.twitter.com\/images\/themes\/theme1\/bg.gif","notifications":null,"profile_link_color":"0000ff","statuses_count":467,"profile_background_tile":false,"url":"http:\/\/bit.ly\/bit110","name":"orva","created_at":"Mon Aug 03 15:23:43 +0000 2009","profile_background_color":"9ae4e8","protected":false,"favourites_count":0,"followers_count":30,"profile_sidebar_fill_color":"e0ff92","verified":false,"time_zone":null,"friends_count":8,"following":null,"profile_sidebar_border_color":"87bc44","location":"","id":62538755,"profile_image_url":"http:\/\/s3.amazonaws.com\/twitter_production\/profile_images\/345864069\/10_normal.jpg"},"favorited":false,"in_reply_to_screen_name":null,"created_at":"Tue Aug 04 06:30:44 +0000 2009","truncated":false,"id":3120086058,"in_reply_to_status_id":null,"source":"<a href=\"http:\/\/apiwiki.twitter.com\/\">API<\/a>"},{"text":"@SouljahSingh easy to fix that. SHOW it to them!","in_reply_to_user_id":34507278,"user":{"description":"Thanks MTV, for Pimping My Ride!! This 1955 Bel Air, Big Bertha; is available for hire for movies and commercials. http:\/\/karenskommode.blogspot.com\/","utc_offset":-28800,"profile_text_color":"df1699","screen_name":"MistralWinds","profile_background_image_url":"http:\/\/s3.amazonaws.com\/twitter_production\/profile_background_images\/7748141\/bertha.jpg","notifications":null,"profile_link_color":"9a2fef","statuses_count":4595,"profile_background_tile":true,"url":null,"name":"Big Bertha, Chevy","created_at":"Tue Mar 10 23:30:24 +0000 2009","profile_background_color":"1A1B1F","protected":false,"favourites_count":9,"followers_count":852,"profile_sidebar_fill_color":"33e6d2","verified":false,"time_zone":"Pacific Time (US & Canada)","friends_count":1082,"following":null,"profile_sidebar_border_color":"000000","location":"Silicon Valley, California","id":23681268,"profile_image_url":"http:\/\/s3.amazonaws.com\/twitter_production\/profile_images\/309454079\/roxy_normal.jpg"},"favorited":false,"in_reply_to_screen_name":"SouljahSingh","created_at":"Tue Aug 04 06:30:44 +0000 2009","truncated":false,"id":3120086054,"in_reply_to_status_id":null,"source":"<a href=\"http:\/\/twitterhelp.blogspot.com\/2008\/05\/twitter-via-mobile-web-mtwittercom.html\">mobile web<\/a>"},{"text":"Wow. Im so happy. I been losing alot of Weight and feeling good doing this.. Check it out http:\/\/ur.lc\/6ey","in_reply_to_user_id":null,"user":{"description":null,"utc_offset":null,"profile_text_color":"000000","screen_name":"mobaby33","profile_background_image_url":"http:\/\/static.twitter.com\/images\/themes\/theme1\/bg.gif","notifications":null,"profile_link_color":"0000ff","statuses_count":6,"profile_background_tile":false,"url":null,"name":"Malinda Henderson","created_at":"Wed Apr 15 14:12:51 +0000 2009","profile_background_color":"9ae4e8","protected":false,"favourites_count":0,"followers_count":2,"profile_sidebar_fill_color":"e0ff92","verified":false,"time_zone":null,"friends_count":4,"following":null,"profile_sidebar_border_color":"87bc44","location":null,"id":31415853,"profile_image_url":"http:\/\/static.twitter.com\/images\/default_profile_normal.png"},"favorited":false,"in_reply_to_screen_name":null,"created_at":"Tue Aug 04 06:30:44 +0000 2009","truncated":false,"id":3120086053,"in_reply_to_status_id":null,"source":"web"},{"text":"@pattyperezbob HAHA I KNOW IT'S SO GOOD! IT TOOK HIM A FEW HOURS THO! HE HAS ONE MORE TO DRAW! HE SAYS THANKS!","in_reply_to_user_id":51265198,"user":{"description":"LOVE IS, ABOVE ALL ELSE, THE GIFT OF ONE SELF!","utc_offset":-28800,"profile_text_color":"bb0c0c","screen_name":"DICKIESMUSIC","verified":false,"profile_background_image_url":"http:\/\/s3.amazonaws.com\/twitter_production\/profile_background_images\/26889979\/260957973O751295301.jpg","followers_count":57,"profile_link_color":"616161","profile_background_tile":false,"friends_count":88,"url":"http:\/\/www.myspace.com\/dickiesmusic","name":"DICKIE REGALADO","created_at":"Mon May 25 06:26:48 +0000 2009","profile_background_color":"030303","protected":false,"favourites_count":0,"profile_sidebar_fill_color":"080808","notifications":null,"time_zone":"Pacific Time (US & Canada)","following":null,"statuses_count":738,"profile_sidebar_border_color":"bb0c0c","location":"OXNARD, CA","id":42362986,"profile_image_url":"http:\/\/s3.amazonaws.com\/twitter_production\/profile_images\/346929531\/172781806O481_normal.jpg"},"favorited":false,"in_reply_to_screen_name":"pattyperezbob","created_at":"Tue Aug 04 06:30:44 +0000 2009","truncated":false,"id":3120086050,"in_reply_to_status_id":3120058931,"source":"web"},{"in_reply_to_user_id":27515718,"text":"@rowdycity  aight coo.. Keep makin... Hope to hear u guys blowin up on the radio","user":{"following":null,"profile_text_color":"666666","description":"Yo... Uhhh... Yo... They call me Mark-e yea thats right thats who i be talk shit n u'll end up underneath...","screen_name":"mark_e_sic","profile_background_image_url":"http:\/\/s3.amazonaws.com\/twitter_production\/profile_background_images\/16676810\/apple-new-genre.jpg","utc_offset":-28800,"notifications":null,"profile_link_color":"2FC2EF","statuses_count":602,"profile_background_tile":true,"created_at":"Wed Jun 03 20:23:54 +0000 2009","profile_background_color":"1A1B1F","url":null,"name":"Marcus Estrada","favourites_count":3,"followers_count":46,"protected":false,"profile_sidebar_fill_color":"252429","verified":false,"time_zone":"Pacific Time (US & Canada)","friends_count":34,"profile_sidebar_border_color":"181A1E","profile_image_url":"http:\/\/s3.amazonaws.com\/twitter_production\/profile_images\/249699213\/lake_normal.jpg","location":"32.738891, -117.101080","id":44447919},"favorited":false,"in_reply_to_screen_name":"rowdycity","created_at":"Tue Aug 04 06:30:44 +0000 2009","truncated":false,"in_reply_to_status_id":3119173719,"id":3120086048,"source":"<a href=\"http:\/\/www.tweetdeck.com\/\">TweetDeck<\/a>"},{"in_reply_to_user_id":null,"text":"Makes all the ladies go gaga","user":{"following":null,"profile_text_color":"0ba4fe","description":"I'm a gamer, graphic designer, film maker, and I rap for a minute.","screen_name":"SovietAlex","profile_background_image_url":"http:\/\/s3.amazonaws.com\/twitter_production\/profile_background_images\/7485554\/Banhue.jpg","utc_offset":-18000,"notifications":null,"profile_link_color":"0099B9","statuses_count":958,"profile_background_tile":true,"created_at":"Sat Jul 12 15:05:23 +0000 2008","profile_background_color":"59046C","url":"http:\/\/www.banhue.com","name":"Alex Petrenko","favourites_count":8,"followers_count":91,"protected":false,"profile_sidebar_fill_color":"59046c","verified":false,"time_zone":"Eastern Time (US & Canada)","friends_count":81,"profile_sidebar_border_color":"59046C","profile_image_url":"http:\/\/s3.amazonaws.com\/twitter_production\/profile_images\/311031888\/MeStar_normal.png","location":"Pittsburgh, PA","id":15404644},"favorited":false,"in_reply_to_screen_name":null,"created_at":"Tue Aug 04 06:30:44 +0000 2009","truncated":false,"in_reply_to_status_id":null,"id":3120086045,"source":"<a href=\"http:\/\/help.twitter.com\/index.php?pg=kb.page&id=75\">txt<\/a>"},{"in_reply_to_user_id":null,"text":"http:\/\/twitpic.com\/cpt2a -","user":{"following":null,"profile_text_color":"3D1957","description":"fun, caring, loving,and thee best person yew will ever meet!!!","screen_name":"Lynnx2xhot","profile_background_image_url":"http:\/\/static.twitter.com\/images\/themes\/theme10\/bg.gif","utc_offset":-21600,"notifications":null,"profile_link_color":"dd00ff","statuses_count":106,"profile_background_tile":true,"created_at":"Sun Jun 21 06:19:57 +0000 2009","profile_background_color":"642D8B","url":null,"name":"Lynn Bradford","favourites_count":1,"followers_count":8,"protected":false,"profile_sidebar_fill_color":"ed7cd6","verified":false,"time_zone":"Central America","friends_count":14,"profile_sidebar_border_color":"a166d9","profile_image_url":"http:\/\/s3.amazonaws.com\/twitter_production\/profile_images\/344002151\/0714090123.jpeg_normal.jpg","location":"bellflower, ca","id":49251312},"favorited":false,"in_reply_to_screen_name":null,"created_at":"Tue Aug 04 06:30:44 +0000 2009","truncated":false,"in_reply_to_status_id":null,"id":3120086043,"source":"<a href=\"http:\/\/twitpic.com\/\">TwitPic<\/a>"},{"in_reply_to_user_id":15270746,"text":"@fsmagraphics \u541e\u307f\u305f\u3044\u306a\u30fc\u30fb\u30fb\u30fb\u4eca\u9031\u672b\u306f\u30a2\u30ec\u304c\u30a2\u30ec\u3060\u3051\u3069\u6765\u9031\u306f\uff1f\u3066\u304b\u7686\u3055\u3093\u4eca\u5e74\u306f\u30de\u30ea\u30f3\u30b9\u30bf\u30b8\u30a2\u30e0\u884c\u304b\u306a\u3044\u3093\u3067\u3059\u304b\u306d\u3002@dtw1995  @yskhrt","user":{"following":null,"profile_text_color":"666666","description":"","screen_name":"MIYAO380","profile_background_image_url":"http:\/\/s3.amazonaws.com\/twitter_production\/profile_background_images\/25938834\/discomputer_main.jpg","utc_offset":-36000,"notifications":null,"profile_link_color":"8c0000","statuses_count":150,"profile_background_tile":true,"created_at":"Tue Jul 28 11:32:29 +0000 2009","profile_background_color":"9e9d92","url":null,"name":"Hideo Miyagi","favourites_count":1,"followers_count":13,"protected":false,"profile_sidebar_fill_color":"d5d6cf","verified":false,"time_zone":"Hawaii","friends_count":22,"profile_sidebar_border_color":"d5d6cf","profile_image_url":"http:\/\/s3.amazonaws.com\/twitter_production\/profile_images\/335989311\/380_5_normal.jpg","location":"NAKAMEGURO \/ TOKYO \/ JAPAN","id":60879413},"favorited":false,"in_reply_to_screen_name":"fsmagraphics","created_at":"Tue Aug 04 06:30:44 +0000 2009","truncated":false,"in_reply_to_status_id":3120018917,"id":3120086038,"source":"web"},{"in_reply_to_user_id":null,"text":"RT @maNC40 @wakeup_maggie K! Know that if u ever need a fortune cookie, im here. theyre bscly spilling out of my purse 24\/7cuz u know IM AZN","user":{"following":null,"profile_text_color":"666666","description":"Follow me if you like, but i will not follow you back unless i see you responding to my posts, sorry! :\/","screen_name":"gummibalu","profile_background_image_url":"http:\/\/static.twitter.com\/images\/themes\/theme9\/bg.gif","utc_offset":-25200,"notifications":null,"profile_link_color":"2FC2EF","statuses_count":5969,"profile_background_tile":false,"created_at":"Mon Jan 12 05:49:37 +0000 2009","profile_background_color":"1A1B1F","url":"http:\/\/scarletempress.blogspot.com\/","name":"Javy","favourites_count":10,"followers_count":452,"protected":false,"profile_sidebar_fill_color":"252429","verified":false,"time_zone":"Mountain Time (US & Canada)","friends_count":151,"profile_sidebar_border_color":"181A1E","profile_image_url":"http:\/\/s3.amazonaws.com\/twitter_production\/profile_images\/283297469\/javyyyy_normal.jpg","location":"","id":18892915},"favorited":false,"in_reply_to_screen_name":null,"created_at":"Tue Aug 04 06:30:44 +0000 2009","truncated":false,"in_reply_to_status_id":null,"id":3120086034,"source":"<a href=\"http:\/\/www.tweetdeck.com\/\">TweetDeck<\/a>"},{"in_reply_to_user_id":50635971,"text":"@buggypurple JK! i know who u are ur that gay guy that jerry is always saying is always hitting on him  -.-","user":{"following":null,"profile_text_color":"b3169e","description":"make-up, tv, obssesed teenager =]","screen_name":"Shadowylady7","profile_background_image_url":"http:\/\/s3.amazonaws.com\/twitter_production\/profile_background_images\/23180502\/make-up.jpg","utc_offset":-28800,"notifications":null,"profile_link_color":"4d1c82","statuses_count":1004,"profile_background_tile":true,"created_at":"Thu Apr 02 21:08:05 +0000 2009","profile_background_color":"000000","url":null,"name":"Lydia ","favourites_count":1,"followers_count":35,"protected":false,"profile_sidebar_fill_color":"000000","verified":false,"time_zone":"Pacific Time (US & Canada)","friends_count":24,"profile_sidebar_border_color":"000000","profile_image_url":"http:\/\/s3.amazonaws.com\/twitter_production\/profile_images\/319274360\/IMG_1208_normal.JPG","location":"Az!","id":28420487},"favorited":false,"in_reply_to_screen_name":"buggypurple","created_at":"Tue Aug 04 06:30:44 +0000 2009","truncated":false,"in_reply_to_status_id":3119988231,"id":3120086033,"source":"<a href=\"http:\/\/www.tweetdeck.com\/\">TweetDeck<\/a>"},{"in_reply_to_user_id":23073958,"text":"@MissKelliRenee hahahaafter i saw it i forgot why i clicked it... my oh sh*t moment of the night lol","user":{"following":null,"profile_text_color":"333333","description":"tryin' to put a lil' paint where it ain't.","screen_name":"djjAckizback","profile_background_image_url":"http:\/\/s3.amazonaws.com\/twitter_production\/profile_background_images\/24422433\/dj3.jpg","utc_offset":-28800,"notifications":null,"profile_link_color":"0084B4","statuses_count":1121,"profile_background_tile":true,"created_at":"Tue Jun 30 19:20:45 +0000 2009","profile_background_color":"9AE4E8","url":"http:\/\/www.myspace.com\/djjAckizback","name":"Jason R. Donnelly","favourites_count":0,"followers_count":150,"protected":false,"profile_sidebar_fill_color":"DDFFCC","verified":false,"time_zone":"Pacific Time (US & Canada)","friends_count":100,"profile_sidebar_border_color":"BDDCAD","profile_image_url":"http:\/\/s3.amazonaws.com\/twitter_production\/profile_images\/323392685\/dj4_normal.jpg","location":"OAKLAND, CALIFORNIA","id":52490011},"favorited":false,"in_reply_to_screen_name":"MissKelliRenee","created_at":"Tue Aug 04 06:30:44 +0000 2009","truncated":false,"in_reply_to_status_id":3120069057,"id":3120086032,"source":"web"},{"in_reply_to_user_id":null,"text":"Wow. Im so happy. I been losing alot of Weight and feeling good doing this.. Check it out http:\/\/ur.lc\/6ey","user":{"following":null,"profile_text_color":"000000","description":null,"screen_name":"sgailw","profile_background_image_url":"http:\/\/static.twitter.com\/images\/themes\/theme1\/bg.gif","utc_offset":null,"notifications":null,"profile_link_color":"0000ff","statuses_count":7,"profile_background_tile":false,"created_at":"Fri May 29 16:15:58 +0000 2009","profile_background_color":"9ae4e8","url":null,"name":"Samantha Wells","favourites_count":0,"followers_count":2,"protected":false,"profile_sidebar_fill_color":"e0ff92","verified":false,"time_zone":null,"friends_count":1,"profile_sidebar_border_color":"87bc44","profile_image_url":"http:\/\/static.twitter.com\/images\/default_profile_normal.png","location":null,"id":43358294},"favorited":false,"in_reply_to_screen_name":null,"created_at":"Tue Aug 04 06:30:44 +0000 2009","truncated":false,"in_reply_to_status_id":null,"id":3120086031,"source":"web"},{"in_reply_to_user_id":32457517,"text":"@consyce9 I will stay in...","user":{"following":null,"profile_text_color":"4e18c2","description":"5FOOT9ORANGEWITHALILBIEGECOMPLECTED190POUNDS3CHILDRENHEELFETISHONLYPHUCKSWITMYKINDSINGLEARTHLINGSICKENMESMELIKEPINKSUGARANDVANILLAFANTASYMAJORITYOFTHETIME!!!!","screen_name":"NEFERUKHEPERA","profile_background_image_url":"http:\/\/s3.amazonaws.com\/twitter_production\/profile_background_images\/26718488\/dedan1.jpg","utc_offset":-21600,"notifications":null,"profile_link_color":"20c420","statuses_count":1839,"profile_background_tile":false,"created_at":"Fri Feb 06 03:53:03 +0000 2009","profile_background_color":"f7f7f7","url":"http:\/\/ www.myspace.com\/neferukhepera","name":"Gabrielle","favourites_count":13,"followers_count":125,"protected":false,"profile_sidebar_fill_color":"8a0329","verified":false,"time_zone":"Central Time (US & Canada)","friends_count":103,"profile_sidebar_border_color":"db4bdb","profile_image_url":"http:\/\/s3.amazonaws.com\/twitter_production\/profile_images\/341895760\/doit1_normal.jpg","location":"OUTERSPACE","id":20215476},"favorited":false,"in_reply_to_screen_name":"consyce9","created_at":"Tue Aug 04 06:30:44 +0000 2009","truncated":false,"in_reply_to_status_id":3119984223,"id":3120086029,"source":"web"}]