[{"favorited":false,"user":{"profile_sidebar_border_color":"D3D2CF","description":"i design things and stuff that you can wear on your body.  i love redheads,  i will be on the entire vans warped tour this summer. come see me!","utc_offset":-28800,"following":false,"profile_text_color":"000000","statuses_count":1842,"profile_background_image_url":"http:\/\/a3.twimg.com\/profile_background_images\/12815443\/2.jpg","url":"http:\/\/myspace.com\/byjacvanek","profile_image_url":"http:\/\/a1.twimg.com\/profile_images\/63502888\/IMG_0965b_normal.jpg","name":"jacvanek","notifications":false,"profile_link_color":"199fd7","protected":false,"profile_background_tile":false,"created_at":"Tue Sep 09 04:11:59 +0000 2008","screen_name":"jacvanek","profile_background_color":"ffffff","verified":false,"favourites_count":1,"followers_count":32473,"profile_sidebar_fill_color":"E3E2DE","location":"iPhone: 40.310623,-74.019081","id":16197726,"time_zone":"Pacific Time (US & Canada)","friends_count":178},"in_reply_to_user_id":null,"in_reply_to_screen_name":null,"text":"Front seat view of the universe. I am a lucky girl.","created_at":"Wed Aug 19 05:39:17 +0000 2009","truncated":false,"id":3399938808,"in_reply_to_status_id":null,"source":"<a href=\"http:\/\/twitterfon.net\/\" rel=\"nofollow\">TwitterFon<\/a>"},{"in_reply_to_user_id":null,"in_reply_to_screen_name":null,"user":{"following":false,"description":"","utc_offset":-32400,"profile_text_color":"333333","statuses_count":533,"profile_background_image_url":"http:\/\/a1.twimg.com\/profile_background_images\/22913620\/Strawberry.jpg","profile_image_url":"http:\/\/a3.twimg.com\/profile_images\/239823909\/buzznetphoto_normal.jpg","notifications":false,"profile_link_color":"da1b46","profile_background_tile":true,"created_at":"Fri Feb 20 23:45:56 +0000 2009","url":null,"screen_name":"katyperry","name":"Katy Perry","profile_background_color":"e89aa7","protected":false,"verified":false,"favourites_count":2,"followers_count":925705,"profile_sidebar_fill_color":"feffcc","time_zone":"Alaska","friends_count":37,"profile_sidebar_border_color":"12bcbf","location":"","id":21447363},"text":"I have never flown for a whole day. Not excited. Not natural. My skin is gonna look like a elephant. Still. on. Tour. need. Vacay. Help.","created_at":"Wed Aug 19 05:10:40 +0000 2009","truncated":false,"in_reply_to_status_id":null,"id":3399562596,"favorited":false,"source":"<a href=\"http:\/\/ubertwitter.com\" rel=\"nofollow\">UberTwitter<\/a>"},{"in_reply_to_status_id":null,"user":{"following":null,"time_zone":"Alaska","friends_count":37,"description":"","utc_offset":-32400,"profile_sidebar_border_color":"12bcbf","profile_image_url":"http:\/\/a3.twimg.com\/profile_images\/239823909\/buzznetphoto_normal.jpg","created_at":"Fri Feb 20 23:45:56 +0000 2009","profile_text_color":"333333","url":null,"screen_name":"katyperry","name":"Katy Perry","statuses_count":532,"profile_background_image_url":"http:\/\/a1.twimg.com\/profile_background_images\/22913620\/Strawberry.jpg","protected":false,"notifications":null,"profile_link_color":"da1b46","profile_background_tile":true,"profile_background_color":"e89aa7","verified":false,"favourites_count":2,"followers_count":925698,"location":"","id":21447363,"profile_sidebar_fill_color":"feffcc"},"favorited":false,"in_reply_to_user_id":null,"in_reply_to_screen_name":null,"text":"bout 2 take longest flight ever from AUS 2 Glasgow, 25 hours long. I downloaded a bunch of documentaries, 1 bout the end of the world, 2012.","created_at":"Wed Aug 19 05:07:14 +0000 2009","truncated":false,"id":3399514642,"source":"<a href=\"http:\/\/ubertwitter.com\" rel=\"nofollow\">UberTwitter<\/a>"},{"in_reply_to_user_id":null,"in_reply_to_screen_name":null,"user":{"following":true,"description":"Everything i want, is everything i have.","utc_offset":-28800,"profile_text_color":"000300","profile_background_image_url":"http:\/\/a3.twimg.com\/profile_background_images\/16124543\/diamonds.jpg","followers_count":48,"profile_image_url":"http:\/\/a3.twimg.com\/profile_images\/358010291\/6380_133489042616_641722616_2775063_7708830_n_normal.jpg","statuses_count":1091,"profile_link_color":"FF0043","notifications":false,"profile_background_tile":true,"created_at":"Mon Oct 08 05:07:00 +0000 2007","friends_count":45,"url":null,"screen_name":"tuesbeauty","name":"Tuesday Bacich","profile_background_color":"010801","protected":true,"favourites_count":2,"verified":false,"profile_sidebar_fill_color":"FF91B5","time_zone":"Pacific Time (US & Canada)","profile_sidebar_border_color":"BC445B","location":"Los Angeles","id":9303572},"text":"Hunington beach to kick it with @Soundslikewords","created_at":"Wed Aug 19 05:04:11 +0000 2009","truncated":false,"in_reply_to_status_id":null,"id":3399470956,"favorited":false,"source":"<a href=\"http:\/\/help.twitter.com\/index.php?pg=kb.page&id=75\" rel=\"nofollow\">txt<\/a>"},{"favorited":false,"user":{"profile_sidebar_border_color":"5ED4DC","description":"","utc_offset":-28800,"favourites_count":4,"following":true,"statuses_count":1105,"profile_text_color":"3C3940","profile_background_image_url":"http:\/\/s3.amazonaws.com\/twitter_production\/profile_background_images\/8080724\/gabby1.jpg","url":null,"profile_image_url":"http:\/\/s3.amazonaws.com\/twitter_production\/profile_images\/337300964\/FAITHY_BEACH_normal.JPG","name":"gabrielle kronlein","profile_link_color":"0099B9","protected":false,"profile_background_tile":true,"created_at":"Tue Sep 02 17:51:32 +0000 2008","screen_name":"gabbykronlein","notifications":false,"profile_background_color":"0099B9","verified":false,"followers_count":101,"profile_sidebar_fill_color":"95E8EC","location":"caliiforniaaaaaaaaaa","id":16100167,"time_zone":"Pacific Time (US & Canada)","friends_count":96},"in_reply_to_user_id":null,"in_reply_to_screen_name":null,"text":"@nicksantion probly hates me now:( haha it really was a joke! hah atleaste i said you were hottt!:) haha","created_at":"Wed Aug 19 04:00:15 +0000 2009","truncated":false,"id":3398490878,"in_reply_to_status_id":null,"source":"web"},{"favorited":false,"user":{"profile_sidebar_border_color":"5ED4DC","description":"i fall asleep in hospital parking lots.","utc_offset":-28800,"following":true,"profile_text_color":"3C3940","profile_background_image_url":"http:\/\/a1.twimg.com\/profile_background_images\/20624706\/whitney_floral2.jpg","followers_count":166,"url":"http:\/\/myspace.com\/laurellie","profile_image_url":"http:\/\/a1.twimg.com\/profile_images\/346387268\/Photo_938_normal.jpg","name":"Lauren Patterson","statuses_count":2119,"profile_link_color":"0099B9","protected":false,"notifications":false,"profile_background_tile":true,"created_at":"Wed Sep 26 23:01:10 +0000 2007","friends_count":262,"screen_name":"thelaurencate","profile_background_color":"0099B9","favourites_count":1,"verified":false,"profile_sidebar_fill_color":"95E8EC","location":"los angeles, ca","id":9115522,"time_zone":"Pacific Time (US & Canada)"},"in_reply_to_user_id":null,"in_reply_to_screen_name":null,"text":"http:\/\/twitpic.com\/efbcy - I love the overcastness in sf right now","created_at":"Wed Aug 19 02:12:20 +0000 2009","truncated":false,"id":3396492792,"in_reply_to_status_id":null,"source":"<a href=\"http:\/\/twitpic.com\/\" rel=\"nofollow\">TwitPic<\/a>"},{"favorited":false,"user":{"verified":false,"profile_sidebar_border_color":"947e6f","description":"CEO of Twitter","utc_offset":-28800,"following":null,"profile_text_color":"4d352f","profile_background_image_url":"http:\/\/s.twimg.com\/a\/1250203207\/images\/themes\/theme3\/bg.gif","url":"http:\/\/evhead.com","profile_image_url":"http:\/\/a1.twimg.com\/profile_images\/66154838\/ev-sky_bigger_normal.jpg","name":"Evan Williams","profile_link_color":"149914","protected":false,"profile_background_tile":false,"created_at":"Tue Mar 21 21:02:31 +0000 2006","followers_count":1197520,"screen_name":"ev","statuses_count":4463,"profile_background_color":"998f73","notifications":null,"friends_count":913,"profile_sidebar_fill_color":"caede7","location":"San Francisco, CA, US","id":20,"time_zone":"Pacific Time (US & Canada)","favourites_count":1152},"in_reply_to_user_id":null,"in_reply_to_screen_name":null,"text":"If anyone has a (physical) copy of last Friday's (the 14th) SF Chronicle and wouldn't mind sending it to me, let me know. Thx.","created_at":"Wed Aug 19 00:56:06 +0000 2009","truncated":false,"id":3394976804,"in_reply_to_status_id":null,"source":"web"},{"in_reply_to_status_id":null,"user":{"following":false,"time_zone":"Pacific Time (US & Canada)","friends_count":23,"description":"Web Programmer","utc_offset":-28800,"profile_sidebar_border_color":"BDDCAD","profile_image_url":"http:\/\/a1.twimg.com\/profile_images\/296801640\/JonnieFace_1_normal.png","created_at":"Sat Jul 28 01:10:33 +0000 2007","profile_text_color":"333333","url":"http:\/\/jonniespratley.com","screen_name":"jonniespratley","name":"Jonnie","statuses_count":604,"profile_background_image_url":"http:\/\/s.twimg.com\/a\/1250203207\/images\/themes\/theme1\/bg.gif","protected":false,"notifications":false,"profile_link_color":"0084B4","profile_background_tile":false,"profile_background_color":"9AE4E8","verified":false,"favourites_count":33,"followers_count":40,"location":"iPhone: 38.663795,-121.235397","id":7774922,"profile_sidebar_fill_color":"DDFFCC"},"favorited":false,"in_reply_to_user_id":null,"in_reply_to_screen_name":null,"text":"also by googleplex http:\/\/sml.vg\/QH50LI","created_at":"Wed Aug 19 00:54:56 +0000 2009","truncated":false,"id":3394954364,"source":"<a href=\"http:\/\/www.snapmylife.com\" rel=\"nofollow\">SnapMyLife<\/a>"},{"favorited":false,"user":{"profile_sidebar_border_color":"BDDCAD","description":"Web Programmer","utc_offset":-28800,"favourites_count":33,"following":false,"statuses_count":603,"profile_text_color":"333333","profile_background_image_url":"http:\/\/s.twimg.com\/a\/1250203207\/images\/themes\/theme1\/bg.gif","url":"http:\/\/jonniespratley.com","profile_image_url":"http:\/\/a1.twimg.com\/profile_images\/296801640\/JonnieFace_1_normal.png","name":"Jonnie","profile_link_color":"0084B4","protected":false,"profile_background_tile":false,"created_at":"Sat Jul 28 01:10:33 +0000 2007","screen_name":"jonniespratley","notifications":false,"profile_background_color":"9AE4E8","verified":false,"followers_count":40,"profile_sidebar_fill_color":"DDFFCC","location":"iPhone: 38.663795,-121.235397","id":7774922,"time_zone":"Pacific Time (US & Canada)","friends_count":23},"in_reply_to_user_id":null,"in_reply_to_screen_name":null,"text":"over at the linkedin office http:\/\/sml.vg\/qXVU9D","created_at":"Wed Aug 19 00:53:48 +0000 2009","truncated":false,"id":3394932773,"in_reply_to_status_id":null,"source":"<a href=\"http:\/\/www.snapmylife.com\" rel=\"nofollow\">SnapMyLife<\/a>"},{"favorited":false,"user":{"profile_sidebar_border_color":"5ED4DC","description":"Yes! This is the real Britney Spears! We've got updates from her team, her website and yes, even Britney herself!","utc_offset":-28800,"favourites_count":0,"following":null,"statuses_count":189,"profile_text_color":"3C3940","profile_background_image_url":"http:\/\/a3.twimg.com\/profile_background_images\/30078251\/tile2.jpg","url":"http:\/\/www.britneyspears.com","profile_image_url":"http:\/\/a1.twimg.com\/profile_images\/110485790\/twittersmalliol_normal.jpg","name":"Britney Spears","profile_link_color":"0099B9","protected":false,"profile_background_tile":true,"created_at":"Mon Sep 22 20:47:35 +0000 2008","screen_name":"britneyspears","notifications":null,"profile_background_color":"0099B9","verified":true,"followers_count":2878962,"profile_sidebar_fill_color":"95E8EC","location":"Los Angeles, CA","id":16409683,"time_zone":"Pacific Time (US & Canada)","friends_count":411221},"in_reply_to_user_id":null,"in_reply_to_screen_name":null,"text":"So awesome @theellenshow! I'm hiding the next pair! -Brit","created_at":"Wed Aug 19 00:15:58 +0000 2009","truncated":false,"id":3394225563,"in_reply_to_status_id":null,"source":"web"},{"favorited":false,"user":{"profile_sidebar_border_color":"5ED4DC","description":"i fall asleep in hospital parking lots.","utc_offset":-28800,"favourites_count":1,"following":null,"statuses_count":2118,"profile_text_color":"3C3940","profile_background_image_url":"http:\/\/a1.twimg.com\/profile_background_images\/20624706\/whitney_floral2.jpg","url":"http:\/\/myspace.com\/laurellie","profile_image_url":"http:\/\/a1.twimg.com\/profile_images\/346387268\/Photo_938_normal.jpg","name":"Lauren Patterson","profile_link_color":"0099B9","protected":false,"profile_background_tile":true,"created_at":"Wed Sep 26 23:01:10 +0000 2007","screen_name":"thelaurencate","notifications":null,"profile_background_color":"0099B9","verified":false,"followers_count":166,"profile_sidebar_fill_color":"95E8EC","location":"los angeles, ca","id":9115522,"time_zone":"Pacific Time (US & Canada)","friends_count":262},"in_reply_to_user_id":null,"in_reply_to_screen_name":null,"text":"Pizza my heart, palo alto ca","created_at":"Wed Aug 19 00:08:10 +0000 2009","truncated":false,"id":3394081635,"in_reply_to_status_id":null,"source":"<a href=\"http:\/\/orangatame.com\/products\/twitterberry\/\" rel=\"nofollow\">TwitterBerry<\/a>"},{"favorited":false,"user":{"verified":false,"profile_sidebar_border_color":"181A1E","description":"ill rip you apart","utc_offset":-28800,"following":null,"profile_text_color":"666666","profile_background_image_url":"http:\/\/s.twimg.com\/a\/1250203207\/images\/themes\/theme9\/bg.gif","url":"http:\/\/shawnimarie.tumblr.com","profile_image_url":"http:\/\/a3.twimg.com\/profile_images\/128120421\/Photo_238_normal.jpg","name":"sososhawni","profile_link_color":"2FC2EF","protected":false,"profile_background_tile":false,"created_at":"Thu Sep 25 05:07:46 +0000 2008","followers_count":76,"screen_name":"sososhawni","statuses_count":713,"profile_background_color":"1A1B1F","notifications":null,"friends_count":47,"profile_sidebar_fill_color":"252429","location":"downtownnn","id":16447137,"time_zone":"Pacific Time (US & Canada)","favourites_count":3},"in_reply_to_user_id":null,"in_reply_to_screen_name":null,"text":"one hour hot stone massage. my life rules.","created_at":"Wed Aug 19 00:00:05 +0000 2009","truncated":false,"id":3393927799,"in_reply_to_status_id":null,"source":"<a href=\"http:\/\/twitterrific.com\" rel=\"nofollow\">Twitterrific<\/a>"},{"favorited":false,"user":{"profile_sidebar_border_color":"35d2e3","description":"live. laugh. love","utc_offset":-28800,"friends_count":136,"following":true,"statuses_count":874,"favourites_count":2,"profile_text_color":"4a2b1c","profile_background_image_url":"http:\/\/s3.amazonaws.com\/twitter_production\/profile_background_images\/18644927\/1243229463-618-0.gif","url":"http:\/\/www.myspace.com\/buttercup0","profile_image_url":"http:\/\/s3.amazonaws.com\/twitter_production\/profile_images\/358361396\/Photo_589_normal.jpg","name":"hannah rose \u2665","profile_link_color":"ff47f6","protected":true,"profile_background_tile":true,"created_at":"Wed Sep 26 06:59:22 +0000 2007","screen_name":"hannah_rose","profile_background_color":"ff96b9","notifications":true,"profile_sidebar_fill_color":"d6fa89","location":"California","id":9102382,"verified":false,"time_zone":"Pacific Time (US & Canada)","followers_count":60},"in_reply_to_user_id":null,"in_reply_to_screen_name":null,"text":"http:\/\/twitpic.com\/eel3f kickin it with the boys @bandilla23 and @aarondrvca27 and jordanpowell recordin raps and swimmin ;)","created_at":"Tue Aug 18 23:07:36 +0000 2009","truncated":false,"id":3392961239,"in_reply_to_status_id":null,"source":"<a href=\"http:\/\/orangatame.com\/products\/twitterberry\/\" rel=\"nofollow\">TwitterBerry<\/a>"},{"favorited":false,"user":{"profile_sidebar_border_color":"5ED4DC","description":"","utc_offset":-28800,"favourites_count":4,"following":true,"statuses_count":1103,"profile_text_color":"3C3940","profile_background_image_url":"http:\/\/s3.amazonaws.com\/twitter_production\/profile_background_images\/8080724\/gabby1.jpg","url":null,"profile_image_url":"http:\/\/s3.amazonaws.com\/twitter_production\/profile_images\/337300964\/FAITHY_BEACH_normal.JPG","name":"gabrielle kronlein","profile_link_color":"0099B9","protected":false,"profile_background_tile":true,"created_at":"Tue Sep 02 17:51:32 +0000 2008","screen_name":"gabbykronlein","notifications":true,"profile_background_color":"0099B9","verified":false,"followers_count":100,"profile_sidebar_fill_color":"95E8EC","location":"caliiforniaaaaaaaaaa","id":16100167,"time_zone":"Pacific Time (US & Canada)","friends_count":97},"in_reply_to_user_id":null,"in_reply_to_screen_name":null,"text":"Hahaha ew why is @nicksantino dating a fat girl when he is so sexy haha i dont get it?","created_at":"Tue Aug 18 22:49:12 +0000 2009","truncated":false,"id":3392606928,"in_reply_to_status_id":null,"source":"<a href=\"http:\/\/help.twitter.com\/index.php?pg=kb.page&id=75\" rel=\"nofollow\">txt<\/a>"},{"in_reply_to_status_id":null,"user":{"following":false,"time_zone":"Pacific Time (US & Canada)","friends_count":178,"description":"i design things and stuff that you can wear on your body.  i love redheads,  i will be on the entire vans warped tour this summer. come see me!","utc_offset":-28800,"profile_sidebar_border_color":"D3D2CF","profile_text_color":"000000","url":"http:\/\/myspace.com\/byjacvanek","name":"jacvanek","statuses_count":1841,"profile_background_image_url":"http:\/\/a3.twimg.com\/profile_background_images\/12815443\/2.jpg","protected":false,"profile_image_url":"http:\/\/a1.twimg.com\/profile_images\/63502888\/IMG_0965b_normal.jpg","notifications":false,"profile_link_color":"199fd7","profile_background_tile":false,"created_at":"Tue Sep 09 04:11:59 +0000 2008","screen_name":"jacvanek","profile_background_color":"ffffff","verified":false,"favourites_count":1,"followers_count":32438,"location":"iPhone: 40.310623,-74.019081","id":16197726,"profile_sidebar_fill_color":"E3E2DE"},"favorited":false,"in_reply_to_user_id":null,"in_reply_to_screen_name":null,"text":"Oops. Dream catcher picture. Our boat also comes with a complimentary redhead. http:\/\/twitpic.com\/eeczq","created_at":"Tue Aug 18 22:12:58 +0000 2009","truncated":false,"id":3391921535,"source":"<a href=\"http:\/\/twitterfon.net\/\" rel=\"nofollow\">TwitterFon<\/a>"},{"in_reply_to_status_id":null,"user":{"following":false,"time_zone":null,"friends_count":43,"description":null,"utc_offset":null,"profile_sidebar_border_color":"F2E195","favourites_count":0,"statuses_count":640,"profile_text_color":"0C3E53","url":null,"name":"alliecourt","profile_background_image_url":"http:\/\/s3.amazonaws.com\/twitter_production\/profile_background_images\/17071159\/3473675458_bc3c902799.jpg","protected":false,"profile_image_url":"http:\/\/s3.amazonaws.com\/twitter_production\/profile_images\/66439720\/837636789_m_normal.jpg","profile_link_color":"FF0000","profile_background_tile":false,"created_at":"Sat Nov 15 08:44:33 +0000 2008","screen_name":"alliecourt","notifications":false,"profile_background_color":"BADFCD","verified":false,"followers_count":61,"location":null,"id":17404916,"profile_sidebar_fill_color":"FFF7CC"},"favorited":false,"in_reply_to_user_id":null,"in_reply_to_screen_name":null,"text":"I love and miss @faithymarie","created_at":"Tue Aug 18 21:58:59 +0000 2009","truncated":false,"id":3391655068,"source":"<a href=\"http:\/\/twidroid.com\" rel=\"nofollow\">twidroid<\/a>"},{"in_reply_to_status_id":null,"user":{"following":true,"verified":false,"time_zone":"Pacific Time (US & Canada)","followers_count":165,"description":"i fall asleep in hospital parking lots.","utc_offset":-28800,"profile_sidebar_border_color":"5ED4DC","friends_count":262,"statuses_count":2117,"favourites_count":1,"profile_text_color":"3C3940","url":"http:\/\/myspace.com\/laurellie","name":"Lauren Patterson","profile_background_image_url":"http:\/\/a1.twimg.com\/profile_background_images\/20624706\/whitney_floral2.jpg","protected":false,"profile_image_url":"http:\/\/a1.twimg.com\/profile_images\/346387268\/Photo_938_normal.jpg","profile_link_color":"0099B9","profile_background_tile":true,"created_at":"Wed Sep 26 23:01:10 +0000 2007","screen_name":"thelaurencate","profile_background_color":"0099B9","location":"los angeles, ca","id":9115522,"notifications":false,"profile_sidebar_fill_color":"95E8EC"},"favorited":false,"in_reply_to_user_id":null,"in_reply_to_screen_name":null,"text":"On our way to sf slash palo alto","created_at":"Tue Aug 18 20:42:03 +0000 2009","truncated":false,"id":3390189476,"source":"<a href=\"http:\/\/orangatame.com\/products\/twitterberry\/\" rel=\"nofollow\">TwitterBerry<\/a>"},{"favorited":false,"user":{"profile_sidebar_border_color":"D3D2CF","description":"i design things and stuff that you can wear on your body.  i love redheads,  i will be on the entire vans warped tour this summer. come see me!","utc_offset":-28800,"following":null,"profile_text_color":"000000","profile_background_image_url":"http:\/\/a3.twimg.com\/profile_background_images\/12815443\/2.jpg","followers_count":32431,"url":"http:\/\/myspace.com\/byjacvanek","profile_image_url":"http:\/\/a1.twimg.com\/profile_images\/63502888\/IMG_0965b_normal.jpg","name":"jacvanek","statuses_count":1840,"profile_link_color":"199fd7","protected":false,"notifications":null,"profile_background_tile":false,"created_at":"Tue Sep 09 04:11:59 +0000 2008","friends_count":178,"screen_name":"jacvanek","profile_background_color":"ffffff","favourites_count":1,"verified":false,"profile_sidebar_fill_color":"E3E2DE","location":"iPhone: 40.310623,-74.019081","id":16197726,"time_zone":"Pacific Time (US & Canada)"},"in_reply_to_user_id":null,"in_reply_to_screen_name":null,"text":"Our boat comes equipped with complimentary dream catchers.","created_at":"Tue Aug 18 20:37:47 +0000 2009","truncated":false,"id":3390106268,"in_reply_to_status_id":null,"source":"<a href=\"http:\/\/twitterfon.net\/\" rel=\"nofollow\">TwitterFon<\/a>"},{"in_reply_to_status_id":null,"user":{"following":true,"time_zone":"Pacific Time (US & Canada)","description":null,"utc_offset":-28800,"profile_sidebar_border_color":"87bc44","verified":false,"profile_text_color":"000000","followers_count":473,"url":null,"name":"Doug McCune","profile_background_image_url":"http:\/\/s.twimg.com\/a\/1250203207\/images\/themes\/theme1\/bg.gif","protected":false,"profile_image_url":"http:\/\/a3.twimg.com\/profile_images\/215343971\/128_normal.png","friends_count":0,"profile_link_color":"0000ff","profile_background_tile":false,"created_at":"Wed Mar 28 23:03:08 +0000 2007","screen_name":"dougmccune","profile_background_color":"9ae4e8","statuses_count":62,"location":null,"id":2738151,"notifications":false,"favourites_count":0,"profile_sidebar_fill_color":"e0ff92"},"favorited":false,"in_reply_to_user_id":null,"in_reply_to_screen_name":null,"text":"just got my RIAdventure conference registration confirmation. Go register for the cruise of a lifetime! http:\/\/riadventure.com\/","created_at":"Tue Aug 18 20:37:40 +0000 2009","truncated":false,"id":3390103996,"source":"web"},{"favorited":false,"user":{"profile_sidebar_border_color":"181A1E","description":"ill rip you apart","utc_offset":-28800,"favourites_count":3,"following":false,"statuses_count":712,"profile_text_color":"666666","profile_background_image_url":"http:\/\/s.twimg.com\/a\/1250203207\/images\/themes\/theme9\/bg.gif","url":"http:\/\/shawnimarie.tumblr.com","profile_image_url":"http:\/\/a3.twimg.com\/profile_images\/128120421\/Photo_238_normal.jpg","name":"sososhawni","profile_link_color":"2FC2EF","protected":false,"profile_background_tile":false,"created_at":"Thu Sep 25 05:07:46 +0000 2008","screen_name":"sososhawni","notifications":false,"profile_background_color":"1A1B1F","verified":false,"followers_count":76,"profile_sidebar_fill_color":"252429","location":"downtownnn","id":16447137,"time_zone":"Pacific Time (US & Canada)","friends_count":47},"in_reply_to_user_id":null,"in_reply_to_screen_name":null,"text":"off to pick up my pain meds. and the Hannah montana movie. yay.","created_at":"Tue Aug 18 20:12:28 +0000 2009","truncated":false,"id":3389613287,"in_reply_to_status_id":null,"source":"<a href=\"http:\/\/twitterrific.com\" rel=\"nofollow\">Twitterrific<\/a>"},{"user":{"statuses_count":711,"profile_background_image_url":"http:\/\/s.twimg.com\/a\/1250203207\/images\/themes\/theme9\/bg.gif","description":"ill rip you apart","utc_offset":-28800,"profile_link_color":"2FC2EF","following":null,"verified":false,"profile_background_tile":false,"profile_background_color":"1A1B1F","followers_count":76,"url":"http:\/\/shawnimarie.tumblr.com","profile_image_url":"http:\/\/a3.twimg.com\/profile_images\/128120421\/Photo_238_normal.jpg","name":"sososhawni","friends_count":47,"profile_sidebar_fill_color":"252429","protected":false,"time_zone":"Pacific Time (US & Canada)","created_at":"Thu Sep 25 05:07:46 +0000 2008","screen_name":"sososhawni","profile_sidebar_border_color":"181A1E","notifications":null,"favourites_count":3,"location":"downtownnn","id":16447137,"profile_text_color":"666666"},"truncated":false,"text":"root canals suck.","in_reply_to_status_id":null,"created_at":"Tue Aug 18 19:39:15 +0000 2009","favorited":false,"in_reply_to_user_id":null,"in_reply_to_screen_name":null,"id":3388974851,"source":"<a href=\"http:\/\/twitterrific.com\" rel=\"nofollow\">Twitterrific<\/a>"},{"user":{"statuses_count":1102,"profile_background_image_url":"http:\/\/s3.amazonaws.com\/twitter_production\/profile_background_images\/8080724\/gabby1.jpg","description":"","notifications":true,"utc_offset":-28800,"profile_link_color":"0099B9","following":true,"profile_background_tile":true,"profile_background_color":"0099B9","verified":false,"favourites_count":4,"followers_count":99,"url":null,"profile_image_url":"http:\/\/s3.amazonaws.com\/twitter_production\/profile_images\/337300964\/FAITHY_BEACH_normal.JPG","name":"gabrielle kronlein","profile_sidebar_fill_color":"95E8EC","protected":false,"time_zone":"Pacific Time (US & Canada)","created_at":"Tue Sep 02 17:51:32 +0000 2008","friends_count":97,"screen_name":"gabbykronlein","profile_sidebar_border_color":"5ED4DC","location":"caliiforniaaaaaaaaaa","id":16100167,"profile_text_color":"3C3940"},"truncated":false,"text":"Ouch my knee hurts!  :( about to do some home work then the boys band practice :)","in_reply_to_status_id":null,"created_at":"Tue Aug 18 19:25:59 +0000 2009","favorited":false,"in_reply_to_user_id":null,"in_reply_to_screen_name":null,"id":3388724600,"source":"<a href=\"http:\/\/help.twitter.com\/index.php?pg=kb.page&id=75\" rel=\"nofollow\">txt<\/a>"},{"user":{"following":true,"profile_text_color":"000300","description":"Everything i want, is everything i have.","statuses_count":1089,"profile_background_image_url":"http:\/\/a3.twimg.com\/profile_background_images\/16124543\/diamonds.jpg","utc_offset":-28800,"notifications":false,"profile_link_color":"FF0043","profile_background_tile":true,"profile_background_color":"010801","url":null,"name":"Tuesday Bacich","verified":false,"favourites_count":2,"followers_count":48,"protected":true,"profile_image_url":"http:\/\/a3.twimg.com\/profile_images\/358010291\/6380_133489042616_641722616_2775063_7708830_n_normal.jpg","profile_sidebar_fill_color":"FF91B5","time_zone":"Pacific Time (US & Canada)","created_at":"Mon Oct 08 05:07:00 +0000 2007","friends_count":45,"screen_name":"tuesbeauty","profile_sidebar_border_color":"BC445B","location":"Los Angeles","id":9303572},"truncated":false,"text":"Mmmmmbread","in_reply_to_status_id":null,"created_at":"Tue Aug 18 19:10:17 +0000 2009","favorited":false,"in_reply_to_user_id":null,"id":3388428401,"in_reply_to_screen_name":null,"source":"<a href=\"http:\/\/help.twitter.com\/index.php?pg=kb.page&id=75\" rel=\"nofollow\">txt<\/a>"},{"truncated":false,"user":{"following":true,"notifications":false,"profile_background_tile":false,"friends_count":0,"description":null,"utc_offset":-28800,"profile_background_color":"9ae4e8","favourites_count":0,"profile_image_url":"http:\/\/a3.twimg.com\/profile_images\/215343971\/128_normal.png","verified":false,"profile_sidebar_fill_color":"e0ff92","time_zone":"Pacific Time (US & Canada)","created_at":"Wed Mar 28 23:03:08 +0000 2007","url":null,"screen_name":"dougmccune","name":"Doug McCune","profile_sidebar_border_color":"87bc44","protected":false,"profile_text_color":"000000","profile_background_image_url":"http:\/\/s.twimg.com\/a\/1250203207\/images\/themes\/theme1\/bg.gif","followers_count":473,"location":null,"id":2738151,"statuses_count":61,"profile_link_color":"0000ff"},"in_reply_to_status_id":null,"text":"installed the Lazarus FF plugin so I can restore any lost text I've typed into form fields http:\/\/lazarus.interclue.com\/","created_at":"Tue Aug 18 18:50:27 +0000 2009","favorited":false,"in_reply_to_user_id":null,"in_reply_to_screen_name":null,"id":3388052123,"source":"web"},{"user":{"profile_background_image_url":"http:\/\/s.twimg.com\/a\/1250203207\/images\/themes\/theme1\/bg.gif","description":null,"utc_offset":-28800,"profile_link_color":"0000ff","following":null,"profile_background_tile":false,"notifications":null,"profile_background_color":"9ae4e8","verified":false,"followers_count":472,"url":null,"profile_image_url":"http:\/\/a3.twimg.com\/profile_images\/215343971\/128_normal.png","name":"Doug McCune","profile_sidebar_fill_color":"e0ff92","protected":false,"time_zone":"Pacific Time (US & Canada)","created_at":"Wed Mar 28 23:03:08 +0000 2007","friends_count":0,"screen_name":"dougmccune","profile_sidebar_border_color":"87bc44","favourites_count":0,"location":null,"id":2738151,"statuses_count":57,"profile_text_color":"000000"},"truncated":false,"text":"I'm buying @adobeted and @flashcanon a virtual beer so we can all calm down :) maybe we need shots all around","in_reply_to_status_id":null,"created_at":"Tue Aug 18 18:09:39 +0000 2009","favorited":false,"in_reply_to_user_id":null,"in_reply_to_screen_name":null,"id":3387285059,"source":"web"},{"user":{"following":null,"profile_text_color":"000000","description":null,"statuses_count":56,"profile_background_image_url":"http:\/\/s.twimg.com\/a\/1250203207\/images\/themes\/theme1\/bg.gif","utc_offset":-28800,"profile_link_color":"0000ff","verified":false,"profile_background_tile":false,"profile_background_color":"9ae4e8","followers_count":471,"url":null,"name":"Doug McCune","protected":false,"profile_image_url":"http:\/\/a3.twimg.com\/profile_images\/215343971\/128_normal.png","friends_count":0,"profile_sidebar_fill_color":"e0ff92","time_zone":"Pacific Time (US & Canada)","created_at":"Wed Mar 28 23:03:08 +0000 2007","screen_name":"dougmccune","profile_sidebar_border_color":"87bc44","location":null,"id":2738151,"notifications":null,"favourites_count":0},"truncated":false,"text":"browsers should have a default history to remember long comments you type into form fields in case they get lost","in_reply_to_status_id":null,"created_at":"Tue Aug 18 18:07:21 +0000 2009","favorited":false,"in_reply_to_user_id":null,"id":3387242484,"in_reply_to_screen_name":null,"source":"web"},{"user":{"profile_background_image_url":"http:\/\/a3.twimg.com\/profile_background_images\/30078251\/tile2.jpg","description":"Yes! This is the real Britney Spears! We've got updates from her team, her website and yes, even Britney herself!","utc_offset":-28800,"friends_count":411246,"profile_link_color":"0099B9","following":null,"profile_background_tile":true,"profile_background_color":"0099B9","favourites_count":0,"url":"http:\/\/www.britneyspears.com","profile_image_url":"http:\/\/a1.twimg.com\/profile_images\/110485790\/twittersmalliol_normal.jpg","name":"Britney Spears","profile_sidebar_fill_color":"95E8EC","protected":false,"statuses_count":188,"time_zone":"Pacific Time (US & Canada)","created_at":"Mon Sep 22 20:47:35 +0000 2008","screen_name":"britneyspears","notifications":null,"profile_sidebar_border_color":"5ED4DC","location":"Los Angeles, CA","id":16409683,"verified":true,"profile_text_color":"3C3940","followers_count":2872853},"truncated":false,"text":"Watch Brit on Letterman tonight to find out how the ringleader would run the free world. - Adam Leber (Manager)","in_reply_to_status_id":null,"created_at":"Tue Aug 18 18:00:54 +0000 2009","favorited":false,"in_reply_to_user_id":null,"in_reply_to_screen_name":null,"id":3387118937,"source":"web"},{"user":{"following":true,"profile_text_color":"000300","description":"Everything i want, is everything i have.","statuses_count":1088,"profile_background_image_url":"http:\/\/a3.twimg.com\/profile_background_images\/16124543\/diamonds.jpg","utc_offset":-28800,"notifications":false,"profile_link_color":"FF0043","profile_background_tile":true,"profile_background_color":"010801","url":null,"name":"Tuesday Bacich","verified":false,"favourites_count":2,"followers_count":48,"protected":true,"profile_image_url":"http:\/\/a3.twimg.com\/profile_images\/358010291\/6380_133489042616_641722616_2775063_7708830_n_normal.jpg","profile_sidebar_fill_color":"FF91B5","time_zone":"Pacific Time (US & Canada)","created_at":"Mon Oct 08 05:07:00 +0000 2007","friends_count":45,"screen_name":"tuesbeauty","profile_sidebar_border_color":"BC445B","location":"Los Angeles","id":9303572},"truncated":false,"text":"Yeah,  went home early to sleepp","in_reply_to_status_id":null,"created_at":"Tue Aug 18 17:49:27 +0000 2009","favorited":false,"in_reply_to_user_id":null,"id":3386900442,"in_reply_to_screen_name":null,"source":"<a href=\"http:\/\/help.twitter.com\/index.php?pg=kb.page&id=75\" rel=\"nofollow\">txt<\/a>"},{"user":{"following":false,"statuses_count":1838,"profile_text_color":"000000","description":"i design things and stuff that you can wear on your body.  i love redheads,  i will be on the entire vans warped tour this summer. come see me!","profile_background_image_url":"http:\/\/a3.twimg.com\/profile_background_images\/12815443\/2.jpg","utc_offset":-28800,"profile_link_color":"199fd7","profile_background_tile":false,"notifications":false,"profile_background_color":"ffffff","url":"http:\/\/myspace.com\/byjacvanek","name":"jacvanek","verified":false,"followers_count":32416,"protected":false,"profile_image_url":"http:\/\/a1.twimg.com\/profile_images\/63502888\/IMG_0965b_normal.jpg","profile_sidebar_fill_color":"E3E2DE","time_zone":"Pacific Time (US & Canada)","created_at":"Tue Sep 09 04:11:59 +0000 2008","friends_count":178,"screen_name":"jacvanek","profile_sidebar_border_color":"D3D2CF","favourites_count":1,"location":"iPhone: 40.310623,-74.019081","id":16197726},"truncated":false,"text":"Pulling into Lake Shasta. Who else is here today? I'm ready to cause some trouble.","in_reply_to_status_id":null,"created_at":"Tue Aug 18 17:41:23 +0000 2009","favorited":false,"in_reply_to_user_id":null,"id":3386746772,"in_reply_to_screen_name":null,"source":"<a href=\"http:\/\/twitterfon.net\/\" rel=\"nofollow\">TwitterFon<\/a>"},{"user":{"following":true,"profile_text_color":"000000","description":"I am a cross platform desktop runtime (run by @ryanstewart)","statuses_count":221,"profile_background_image_url":"http:\/\/s.twimg.com\/a\/1250203207\/images\/themes\/theme1\/bg.gif","utc_offset":-28800,"notifications":false,"profile_link_color":"0000ff","profile_background_tile":false,"profile_background_color":"9ae4e8","url":"http:\/\/www.adobe.com\/go\/air","name":"Adobe AIR","verified":false,"favourites_count":0,"followers_count":5326,"protected":false,"profile_image_url":"http:\/\/a1.twimg.com\/profile_images\/53468028\/air_appicon_normal.jpg","profile_sidebar_fill_color":"e0ff92","time_zone":"Pacific Time (US & Canada)","created_at":"Thu Feb 22 02:35:56 +0000 2007","friends_count":31,"screen_name":"air","profile_sidebar_border_color":"87bc44","location":"Your Desktop","id":787830},"truncated":false,"text":"RT @tiplumer: Need a shortcut to an Adobe app? Get this AIR app: http:\/\/tr.im\/wCPB","in_reply_to_status_id":null,"created_at":"Tue Aug 18 17:35:34 +0000 2009","favorited":false,"in_reply_to_user_id":null,"id":3386636084,"in_reply_to_screen_name":null,"source":"<a href=\"http:\/\/www.twhirl.org\/\" rel=\"nofollow\">twhirl<\/a>"},{"user":{"following":true,"profile_text_color":"3C3940","description":"i fall asleep in hospital parking lots.","statuses_count":2115,"profile_background_image_url":"http:\/\/a1.twimg.com\/profile_background_images\/20624706\/whitney_floral2.jpg","utc_offset":-28800,"notifications":false,"profile_link_color":"0099B9","profile_image_url":"http:\/\/a1.twimg.com\/profile_images\/346387268\/Photo_938_normal.jpg","profile_background_tile":true,"created_at":"Wed Sep 26 23:01:10 +0000 2007","profile_background_color":"0099B9","url":"http:\/\/myspace.com\/laurellie","screen_name":"thelaurencate","name":"Lauren Patterson","verified":false,"favourites_count":1,"followers_count":164,"protected":false,"profile_sidebar_fill_color":"95E8EC","time_zone":"Pacific Time (US & Canada)","friends_count":261,"profile_sidebar_border_color":"5ED4DC","location":"los angeles, ca","id":9115522},"truncated":false,"text":"http:\/\/twitpic.com\/ed93q - For hannah: panty feets","created_at":"Tue Aug 18 17:21:28 +0000 2009","in_reply_to_status_id":null,"favorited":false,"in_reply_to_user_id":null,"id":3386367844,"in_reply_to_screen_name":null,"source":"<a href=\"http:\/\/twitpic.com\/\" rel=\"nofollow\">TwitPic<\/a>"},{"user":{"following":true,"profile_text_color":"000000","followers_count":1170,"description":"Best Flex Conference out there!","verified":false,"profile_background_image_url":"http:\/\/s3.amazonaws.com\/twitter_production\/profile_background_images\/11113814\/image.jpg","utc_offset":-25200,"friends_count":621,"profile_link_color":"0000ff","profile_background_tile":true,"profile_background_color":"9ae4e8","url":"http:\/\/360flex.com","name":"360Flex ","protected":false,"profile_image_url":"http:\/\/s3.amazonaws.com\/twitter_production\/profile_images\/326837447\/360flex-Indy-Logo_normal.png","profile_sidebar_fill_color":"e0ff92","time_zone":"Mountain Time (US & Canada)","created_at":"Wed Feb 28 16:59:09 +0000 2007","screen_name":"360Flex","notifications":false,"favourites_count":0,"profile_sidebar_border_color":"87bc44","location":"Denver, Colorado 80205","id":801347,"statuses_count":1277},"truncated":false,"text":"RT @adobeted: Flex Open Iteration Meeting is underway NOW http:\/\/bit.ly\/14QUHP","in_reply_to_status_id":null,"created_at":"Tue Aug 18 17:07:47 +0000 2009","favorited":false,"in_reply_to_user_id":null,"id":3386107288,"in_reply_to_screen_name":null,"source":"<a href=\"http:\/\/www.atebits.com\/\" rel=\"nofollow\">Tweetie<\/a>"},{"user":{"following":true,"profile_text_color":"000000","description":"Platform Evangelist for Adobe","statuses_count":752,"profile_background_image_url":"http:\/\/s.twimg.com\/a\/1250203207\/images\/themes\/theme1\/bg.gif","utc_offset":0,"notifications":false,"profile_link_color":"0000ff","profile_background_tile":false,"profile_background_color":"9ae4e8","url":"http:\/\/www.ashorten.com","name":"Andrew Shorten","verified":false,"favourites_count":4,"followers_count":799,"protected":false,"profile_image_url":"http:\/\/a1.twimg.com\/profile_images\/18254672\/pic_andrew_new_normal.jpg","profile_sidebar_fill_color":"e0ff92","time_zone":"London","created_at":"Thu Jun 28 12:37:32 +0000 2007","friends_count":658,"screen_name":"ashorten","profile_sidebar_border_color":"87bc44","location":"Haywards Heath, UK","id":7129882},"truncated":false,"text":"I'm doing an Intro to Flex talk @skillsmatter tomorrow night in London - more info and registration here: http:\/\/bit.ly\/dpxyp","in_reply_to_status_id":null,"created_at":"Tue Aug 18 16:59:14 +0000 2009","favorited":false,"in_reply_to_user_id":null,"id":3385941307,"in_reply_to_screen_name":null,"source":"<a href=\"http:\/\/www.tweetdeck.com\/\" rel=\"nofollow\">TweetDeck<\/a>"},{"in_reply_to_user_id":null,"created_at":"Tue Aug 18 16:23:49 +0000 2009","in_reply_to_screen_name":null,"source":"<a href=\"http:\/\/orangatame.com\/products\/twitterberry\/\" rel=\"nofollow\">TwitterBerry<\/a>","truncated":false,"user":{"created_at":"Wed Sep 26 23:01:10 +0000 2007","screen_name":"thelaurencate","profile_text_color":"3C3940","statuses_count":2119,"profile_background_image_url":"http:\/\/a1.twimg.com\/profile_background_images\/20624706\/whitney_floral2.jpg","location":"los angeles, ca","notifications":true,"utc_offset":-28800,"profile_link_color":"0099B9","following":true,"profile_background_tile":true,"name":"Lauren Patterson","profile_background_color":"0099B9","protected":false,"verified":false,"favourites_count":1,"followers_count":166,"description":"i fall asleep in hospital parking lots.","profile_sidebar_fill_color":"95E8EC","time_zone":"Pacific Time (US & Canada)","friends_count":262,"profile_sidebar_border_color":"5ED4DC","profile_image_url":"http:\/\/a1.twimg.com\/profile_images\/346387268\/Photo_938_normal.jpg","id":9115522,"url":"http:\/\/myspace.com\/laurellie"},"in_reply_to_status_id":null,"text":"Adderall hangover","id":3385278888,"favorited":true},{"user":{"profile_background_image_url":"http:\/\/a3.twimg.com\/profile_background_images\/16124543\/diamonds.jpg","description":"Everything i want, is everything i have.","utc_offset":-28800,"profile_link_color":"FF0043","following":true,"profile_background_tile":true,"profile_background_color":"010801","url":null,"profile_image_url":"http:\/\/a3.twimg.com\/profile_images\/358010291\/6380_133489042616_641722616_2775063_7708830_n_normal.jpg","name":"Tuesday Bacich","notifications":false,"profile_sidebar_fill_color":"FF91B5","protected":true,"verified":false,"time_zone":"Pacific Time (US & Canada)","created_at":"Mon Oct 08 05:07:00 +0000 2007","followers_count":48,"screen_name":"tuesbeauty","profile_sidebar_border_color":"BC445B","friends_count":45,"location":"Los Angeles","id":9303572,"statuses_count":1087,"favourites_count":2,"profile_text_color":"000300"},"truncated":false,"text":"Yeah definetly forgot my whole arts box. For color and. Design class$","in_reply_to_status_id":null,"created_at":"Tue Aug 18 15:48:36 +0000 2009","favorited":false,"in_reply_to_user_id":null,"in_reply_to_screen_name":null,"id":3384624527,"source":"<a href=\"http:\/\/help.twitter.com\/index.php?pg=kb.page&id=75\" rel=\"nofollow\">txt<\/a>"},{"user":{"following":null,"profile_text_color":"666666","description":"","statuses_count":59,"profile_background_image_url":"http:\/\/s.twimg.com\/a\/1250203207\/images\/themes\/theme9\/bg.gif","utc_offset":7200,"notifications":null,"profile_link_color":"2FC2EF","profile_background_tile":false,"profile_background_color":"1A1B1F","url":null,"name":"Kiruban Naidoo","verified":false,"favourites_count":0,"followers_count":25,"protected":false,"profile_image_url":"http:\/\/a3.twimg.com\/profile_images\/368327631\/twitterProfilePhoto_normal.jpg","profile_sidebar_fill_color":"252429","time_zone":"Pretoria","created_at":"Wed Feb 18 20:12:07 +0000 2009","friends_count":47,"screen_name":"Kynetic","profile_sidebar_border_color":"181A1E","location":"South Africa","id":21235551},"truncated":false,"text":"Cool Article : Early Modern Humans Use Fire to Engineer Tools from Stone...  http:\/\/bit.ly\/XbSM4","in_reply_to_status_id":null,"created_at":"Tue Aug 18 15:34:26 +0000 2009","favorited":false,"in_reply_to_user_id":null,"id":3384366407,"in_reply_to_screen_name":null,"source":"<a href=\"http:\/\/www.tweetdeck.com\/\" rel=\"nofollow\">TweetDeck<\/a>"},{"user":{"following":false,"statuses_count":708,"favourites_count":3,"profile_text_color":"666666","description":"ill rip you apart","profile_background_image_url":"http:\/\/s.twimg.com\/a\/1250203207\/images\/themes\/theme9\/bg.gif","utc_offset":-28800,"profile_link_color":"2FC2EF","profile_background_tile":false,"profile_background_color":"1A1B1F","url":"http:\/\/shawnimarie.tumblr.com","name":"sososhawni","protected":false,"profile_image_url":"http:\/\/a3.twimg.com\/profile_images\/128120421\/Photo_238_normal.jpg","notifications":false,"profile_sidebar_fill_color":"252429","verified":false,"time_zone":"Pacific Time (US & Canada)","created_at":"Thu Sep 25 05:07:46 +0000 2008","followers_count":75,"screen_name":"sososhawni","profile_sidebar_border_color":"181A1E","friends_count":47,"location":"downtownnn","id":16447137},"truncated":false,"text":"good morning world. rise and shine. I'm so sleepies and I want to go back to bed and cuddle.","in_reply_to_status_id":null,"created_at":"Tue Aug 18 15:17:17 +0000 2009","favorited":false,"in_reply_to_user_id":null,"id":3384060844,"in_reply_to_screen_name":null,"source":"<a href=\"http:\/\/twitterrific.com\" rel=\"nofollow\">Twitterrific<\/a>"},{"user":{"statuses_count":1276,"profile_background_image_url":"http:\/\/s3.amazonaws.com\/twitter_production\/profile_background_images\/11113814\/image.jpg","description":"Best Flex Conference out there!","notifications":false,"utc_offset":-25200,"profile_link_color":"0000ff","following":false,"profile_background_tile":true,"profile_background_color":"9ae4e8","verified":false,"favourites_count":0,"followers_count":1170,"url":"http:\/\/360flex.com","profile_image_url":"http:\/\/s3.amazonaws.com\/twitter_production\/profile_images\/326837447\/360flex-Indy-Logo_normal.png","name":"360Flex ","profile_sidebar_fill_color":"e0ff92","protected":false,"time_zone":"Mountain Time (US & Canada)","created_at":"Wed Feb 28 16:59:09 +0000 2007","friends_count":621,"screen_name":"360Flex","profile_sidebar_border_color":"87bc44","location":"Denver, Colorado 80205","id":801347,"profile_text_color":"000000"},"truncated":false,"text":"New blog post: 360Flex - Flex content for your eBook reader http:\/\/bit.ly\/3SWDh","in_reply_to_status_id":null,"created_at":"Tue Aug 18 15:02:19 +0000 2009","favorited":false,"in_reply_to_user_id":null,"in_reply_to_screen_name":null,"id":3383798748,"source":"<a href=\"http:\/\/alexking.org\/projects\/wordpress\" rel=\"nofollow\">Twitter Tools<\/a>"},{"user":{"following":null,"profile_text_color":"000000","description":"Best Flex Conference out there!","statuses_count":1275,"profile_background_image_url":"http:\/\/s3.amazonaws.com\/twitter_production\/profile_background_images\/11113814\/image.jpg","utc_offset":-25200,"notifications":null,"profile_link_color":"0000ff","profile_background_tile":true,"profile_background_color":"9ae4e8","url":"http:\/\/360flex.com","name":"360Flex ","verified":false,"favourites_count":0,"followers_count":1170,"protected":false,"profile_image_url":"http:\/\/s3.amazonaws.com\/twitter_production\/profile_images\/326837447\/360flex-Indy-Logo_normal.png","profile_sidebar_fill_color":"e0ff92","time_zone":"Mountain Time (US & Canada)","created_at":"Wed Feb 28 16:59:09 +0000 2007","friends_count":621,"screen_name":"360Flex","profile_sidebar_border_color":"87bc44","location":"Denver, Colorado 80205","id":801347},"truncated":false,"text":"RT @adobeted: TODAY - Flex Open Iteration Meeting at 10am-11am PDT http:\/\/my.adobe.acrobat.com\/oim\/\nGet involved in open source Flex!!!","in_reply_to_status_id":null,"created_at":"Tue Aug 18 14:57:50 +0000 2009","favorited":false,"in_reply_to_user_id":null,"id":3383718689,"in_reply_to_screen_name":null,"source":"<a href=\"http:\/\/www.atebits.com\/\" rel=\"nofollow\">Tweetie<\/a>"},{"user":{"following":true,"profile_text_color":"000300","description":"Everything i want, is everything i have.","profile_background_image_url":"http:\/\/a3.twimg.com\/profile_background_images\/16124543\/diamonds.jpg","utc_offset":-28800,"followers_count":48,"statuses_count":1086,"profile_link_color":"FF0043","notifications":false,"profile_background_tile":true,"friends_count":45,"profile_background_color":"010801","url":null,"name":"Tuesday Bacich","favourites_count":2,"protected":true,"profile_image_url":"http:\/\/a3.twimg.com\/profile_images\/358010291\/6380_133489042616_641722616_2775063_7708830_n_normal.jpg","verified":false,"profile_sidebar_fill_color":"FF91B5","time_zone":"Pacific Time (US & Canada)","created_at":"Mon Oct 08 05:07:00 +0000 2007","screen_name":"tuesbeauty","profile_sidebar_border_color":"BC445B","location":"Los Angeles","id":9303572},"truncated":false,"text":"Let's get ready for classssss","in_reply_to_status_id":null,"created_at":"Tue Aug 18 14:51:59 +0000 2009","favorited":false,"in_reply_to_user_id":null,"id":3383618768,"in_reply_to_screen_name":null,"source":"<a href=\"http:\/\/help.twitter.com\/index.php?pg=kb.page&id=75\" rel=\"nofollow\">txt<\/a>"}]