
{
    "created_at":"Tue Aug 04 07:46:54 +0000 2009",
    "sender_screen_name":"rubybabylove",
    "recipient_screen_name":"jonniespratley",
    "recipient_id":7774922,
    "id":278902230
    "text":"I love you poppa",
    "recipient":
    {
        "following":true,
        "profile_text_color":"333333",
        "description":"Web Programmer",
        "screen_name":"jonniespratley",
        "profile_background_image_url":"http:\/\/static.twitter.com\/images\/themes\/theme1\/bg.gif",
        "utc_offset":-28800,
        "notifications":false,
        "profile_link_color":"0084B4",
        "statuses_count":575,
        "profile_background_tile":false,
        "created_at":"Sat Jul 28 01:10:33 +0000 2007",
        "profile_background_color":"9AE4E8",
        "url":"http:\/\/jonniespratley.com",
        "name":"Jonnie",
        "favourites_count":14,
        "followers_count":33,
        "protected":false,
        "profile_sidebar_fill_color":"DDFFCC",
        "verified":false,
        "time_zone":"Pacific Time (US & Canada)",
        "friends_count":23,
        "profile_sidebar_border_color":"BDDCAD",
        "profile_image_url":"http:\/\/s3.amazonaws.com\/twitter_production\/profile_images\/296801640\/JonnieFace_1_normal.png",
        "location":"iPhone: 38.663795,
        -121.235397",
        "id":7774922
    },
    "sender_id":42341523,
    "sender":
    {
        "following":false,
        "profile_text_color":"212121",
        "description":"I am the cutest and best little puppy in the whole wide world.",
        "screen_name":"rubybabylove",
        "profile_background_image_url":"http:\/\/s3.amazonaws.com\/twitter_production\/profile_background_images\/14621751\/pcrif_dog_with_background.jpg",
        "utc_offset":-28800,
        "notifications":false,
        "profile_link_color":"ff0000",
        "statuses_count":2,
        "profile_background_tile":true,
        "created_at":"Mon May 25 03:32:45 +0000 2009",
        "profile_background_color":"ffff00",
        "url":"http:\/\/ruby.com",
        "name":"Ruby Poopy",
        "favourites_count":0,
        "followers_count":8,
        "protected":false,
        "profile_sidebar_fill_color":"ff0000",
        "verified":false,
        "time_zone":"Pacific Time (US & Canada)",
        "friends_count":8,
        "profile_sidebar_border_color":"b9b9b9",
        "profile_image_url":"http:\/\/s3.amazonaws.com\/twitter_production\/profile_images\/229046626\/lauren1_normal.jpg",
        "location":"Fair Oaks,
         Ca",
        "id":42341523
    }
}