[Mon Aug 3 2009 23:31:32] [direct_messages/sent.json] [{"recipient":{"notifications":false,"profile_link_color":"2FC2EF","description":"ill rip you apart","statuses_count":664,"profile_background_tile":false,"utc_offset":-28800,"created_at":"Thu Sep 25 05:07:46 +0000 2008","profile_background_color":"1A1B1F","favourites_count":3,"followers_count":65,"profile_sidebar_fill_color":"252429","url":"http:\/\/shawnimarie.tumblr.com","name":"sososhawni","verified":false,"time_zone":"Pacific Time (US & Canada)","friends_count":47,"protected":false,"profile_sidebar_border_color":"181A1E","profile_image_url":"http:\/\/s3.amazonaws.com\/twitter_production\/profile_images\/128120421\/Photo_238_normal.jpg","following":true,"profile_text_color":"666666","location":"downtownnn","screen_name":"sososhawni","id":16447137,"profile_background_image_url":"http:\/\/static.twitter.com\/images\/themes\/theme9\/bg.gif"},"text":" I know let's kick it","sender":{"notifications":false,"profile_link_color":"0084B4","description":"Web Programmer","statuses_count":575,"profile_background_tile":false,"utc_offset":-28800,"created_at":"Sat Jul 28 01:10:33 +0000 2007","profile_background_color":"9AE4E8","favourites_count":14,"followers_count":33,"profile_sidebar_fill_color":"DDFFCC","url":"http:\/\/jonniespratley.com","name":"Jonnie","verified":false,"time_zone":"Pacific Time (US & Canada)","friends_count":23,"protected":false,"profile_sidebar_border_color":"BDDCAD","profile_image_url":"http:\/\/s3.amazonaws.com\/twitter_production\/profile_images\/296801640\/JonnieFace_1_normal.png","following":false,"profile_text_color":"333333","location":"iPhone: 38.663795,-121.235397","screen_name":"jonniespratley","id":7774922,"profile_background_image_url":"http:\/\/static.twitter.com\/images\/themes\/theme1\/bg.gif"},"created_at":"Sat May 16 09:34:31 +0000 2009","sender_id":7774922,"sender_screen_name":"jonniespratley","recipient_screen_name":"sososhawni","recipient_id":16447137,"id":127374534},{"recipient":{"notifications":false,"profile_link_color":"2FC2EF","description":"ill rip you apart","statuses_count":664,"profile_background_tile":false,"utc_offset":-28800,"created_at":"Thu Sep 25 05:07:46 +0000 2008","profile_background_color":"1A1B1F","favourites_count":3,"followers_count":65,"profile_sidebar_fill_color":"252429","url":"http:\/\/shawnimarie.tumblr.com","name":"sososhawni","verified":false,"time_zone":"Pacific Time (US & Canada)","friends_count":47,"protected":false,"profile_sidebar_border_color":"181A1E","profile_image_url":"http:\/\/s3.amazonaws.com\/twitter_production\/profile_images\/128120421\/Photo_238_normal.jpg","following":true,"profile_text_color":"666666","location":"downtownnn","screen_name":"sososhawni","id":16447137,"profile_background_image_url":"http:\/\/static.twitter.com\/images\/themes\/theme9\/bg.gif"},"text":"I ain't working , but I need to where do you work?","sender":{"notifications":false,"profile_link_color":"0084B4","description":"Web Programmer","statuses_count":575,"profile_background_tile":false,"utc_offset":-28800,"created_at":"Sat Jul 28 01:10:33 +0000 2007","profile_background_color":"9AE4E8","favourites_count":14,"followers_count":33,"profile_sidebar_fill_color":"DDFFCC","url":"http:\/\/jonniespratley.com","name":"Jonnie","verified":false,"time_zone":"Pacific Time (US & Canada)","friends_count":23,"protected":false,"profile_sidebar_border_color":"BDDCAD","profile_image_url":"http:\/\/s3.amazonaws.com\/twitter_production\/profile_images\/296801640\/JonnieFace_1_normal.png","following":false,"profile_text_color":"333333","location":"iPhone: 38.663795,-121.235397","screen_name":"jonniespratley","id":7774922,"profile_background_image_url":"http:\/\/static.twitter.com\/images\/themes\/theme1\/bg.gif"},"created_at":"Thu Mar 26 09:30:28 +0000 2009","sender_id":7774922,"sender_screen_name":"jonniespratley","recipient_screen_name":"sososhawni","recipient_id":16447137,"id":80274432},{"recipient":{"notifications":true,"profile_link_color":"0099B9","description":"Yes! This is the real Britney Spears! We've got updates from her team, her website and yes, even Britney herself!","statuses_count":182,"profile_background_tile":false,"utc_offset":-28800,"created_at":"Mon Sep 22 20:47:35 +0000 2008","profile_background_color":"0099B9","favourites_count":0,"followers_count":2678812,"profile_sidebar_fill_color":"95E8EC","url":"http:\/\/www.britneyspears.com","name":"Britney Spears","verified":true,"time_zone":"Pacific Time (US & Canada)","friends_count":405484,"protected":false,"profile_sidebar_border_color":"5ED4DC","profile_image_url":"http:\/\/s3.amazonaws.com\/twitter_production\/profile_images\/110485790\/twittersmalliol_normal.jpg","following":true,"profile_text_color":"3C3940","location":"Los Angeles, CA","screen_name":"britneyspears","id":16409683,"profile_background_image_url":"http:\/\/s3.amazonaws.com\/twitter_production\/profile_background_images\/6747047\/britneytwitter16.jpg"},"text":"Hey thanks for following me. I can't believe it. You hella made my day.\n\n-Jonnie ","sender":{"notifications":false,"profile_link_color":"0084B4","description":"Web Programmer","statuses_count":575,"profile_background_tile":false,"utc_offset":-28800,"created_at":"Sat Jul 28 01:10:33 +0000 2007","profile_background_color":"9AE4E8","favourites_count":14,"followers_count":33,"profile_sidebar_fill_color":"DDFFCC","url":"http:\/\/jonniespratley.com","name":"Jonnie","verified":false,"time_zone":"Pacific Time (US & Canada)","friends_count":23,"protected":false,"profile_sidebar_border_color":"BDDCAD","profile_image_url":"http:\/\/s3.amazonaws.com\/twitter_production\/profile_images\/296801640\/JonnieFace_1_normal.png","following":false,"profile_text_color":"333333","location":"iPhone: 38.663795,-121.235397","screen_name":"jonniespratley","id":7774922,"profile_background_image_url":"http:\/\/static.twitter.com\/images\/themes\/theme1\/bg.gif"},"created_at":"Wed Mar 18 08:47:24 +0000 2009","sender_id":7774922,"sender_screen_name":"jonniespratley","recipient_screen_name":"britneyspears","recipient_id":16409683,"id":75451629},{"recipient":{"notifications":false,"profile_link_color":"2FC2EF","description":"ill rip you apart","statuses_count":664,"profile_background_tile":false,"utc_offset":-28800,"created_at":"Thu Sep 25 05:07:46 +0000 2008","profile_background_color":"1A1B1F","favourites_count":3,"followers_count":65,"profile_sidebar_fill_color":"252429","url":"http:\/\/shawnimarie.tumblr.com","name":"sososhawni","verified":false,"time_zone":"Pacific Time (US & Canada)","friends_count":47,"protected":false,"profile_sidebar_border_color":"181A1E","profile_image_url":"http:\/\/s3.amazonaws.com\/twitter_production\/profile_images\/128120421\/Photo_238_normal.jpg","following":true,"profile_text_color":"666666","location":"downtownnn","screen_name":"sososhawni","id":16447137,"profile_background_image_url":"http:\/\/static.twitter.com\/images\/themes\/theme9\/bg.gif"},"text":"Hows the lady bugs treatin you?","sender":{"notifications":false,"profile_link_color":"0084B4","description":"Web Programmer","statuses_count":575,"profile_background_tile":false,"utc_offset":-28800,"created_at":"Sat Jul 28 01:10:33 +0000 2007","profile_background_color":"9AE4E8","favourites_count":14,"followers_count":33,"profile_sidebar_fill_color":"DDFFCC","url":"http:\/\/jonniespratley.com","name":"Jonnie","verified":false,"time_zone":"Pacific Time (US & Canada)","friends_count":23,"protected":false,"profile_sidebar_border_color":"BDDCAD","profile_image_url":"http:\/\/s3.amazonaws.com\/twitter_production\/profile_images\/296801640\/JonnieFace_1_normal.png","following":false,"profile_text_color":"333333","location":"iPhone: 38.663795,-121.235397","screen_name":"jonniespratley","id":7774922,"profile_background_image_url":"http:\/\/static.twitter.com\/images\/themes\/theme1\/bg.gif"},"created_at":"Tue Mar 17 09:17:27 +0000 2009","sender_id":7774922,"sender_screen_name":"jonniespratley","recipient_screen_name":"sososhawni","recipient_id":16447137,"id":74827338},{"sender_screen_name":"jonniespratley","text":"hey","recipient_screen_name":"thelaurencate","sender":{"following":true,"profile_text_color":"333333","followers_count":33,"description":"Web Programmer","screen_name":"jonniespratley","profile_background_image_url":"http:\/\/static.twitter.com\/images\/themes\/theme1\/bg.gif","utc_offset":-28800,"verified":false,"friends_count":23,"profile_link_color":"0084B4","profile_background_tile":false,"favourites_count":14,"created_at":"Sat Jul 28 01:10:33 +0000 2007","profile_background_color":"9AE4E8","url":"http:\/\/jonniespratley.com","name":"Jonnie","protected":false,"profile_sidebar_fill_color":"DDFFCC","time_zone":"Pacific Time (US & Canada)","statuses_count":575,"profile_sidebar_border_color":"BDDCAD","profile_image_url":"http:\/\/s3.amazonaws.com\/twitter_production\/profile_images\/296801640\/JonnieFace_1_normal.png","location":"iPhone: 38.663795,-121.235397","id":7774922,"notifications":true},"created_at":"Tue Mar 10 05:57:40 +0000 2009","recipient_id":9115522,"recipient":{"following":false,"profile_text_color":"3C3940","followers_count":166,"description":"i fall asleep in hospital parking lots.","screen_name":"thelaurencate","profile_background_image_url":"http:\/\/s3.amazonaws.com\/twitter_production\/profile_background_images\/20624706\/whitney_floral2.jpg","utc_offset":-28800,"verified":false,"friends_count":253,"profile_link_color":"0099B9","profile_background_tile":true,"favourites_count":1,"created_at":"Wed Sep 26 23:01:10 +0000 2007","profile_background_color":"0099B9","url":"http:\/\/myspace.com\/laurellie","name":"Lauren Patterson","protected":false,"profile_sidebar_fill_color":"95E8EC","time_zone":"Pacific Time (US & Canada)","statuses_count":1949,"profile_sidebar_border_color":"5ED4DC","profile_image_url":"http:\/\/s3.amazonaws.com\/twitter_production\/profile_images\/346387268\/Photo_938_normal.jpg","location":"los angeles, ca","id":9115522,"notifications":false},"sender_id":7774922,"id":70925659},{"text":"Iloveu","recipient":{"following":false,"profile_text_color":"3C3940","description":"i fall asleep in hospital parking lots.","screen_name":"thelaurencate","profile_background_image_url":"http:\/\/s3.amazonaws.com\/twitter_production\/profile_background_images\/20624706\/whitney_floral2.jpg","utc_offset":-28800,"notifications":false,"profile_link_color":"0099B9","statuses_count":1928,"profile_background_tile":true,"created_at":"Wed Sep 26 23:01:10 +0000 2007","profile_background_color":"0099B9","url":"http:\/\/myspace.com\/laurellie","name":"Lauren Patterson","favourites_count":1,"followers_count":166,"protected":false,"profile_sidebar_fill_color":"95E8EC","verified":false,"time_zone":"Pacific Time (US & Canada)","friends_count":253,"profile_sidebar_border_color":"5ED4DC","profile_image_url":"http:\/\/s3.amazonaws.com\/twitter_production\/profile_images\/276868471\/Photo_544_normal.jpg","location":"los angeles, ca","id":9115522},"sender":{"following":true,"profile_text_color":"333333","description":"Web Programmer","screen_name":"jonniespratley","profile_background_image_url":"http:\/\/static.twitter.com\/images\/themes\/theme1\/bg.gif","utc_offset":-28800,"notifications":true,"profile_link_color":"0084B4","statuses_count":572,"profile_background_tile":false,"created_at":"Sat Jul 28 01:10:33 +0000 2007","profile_background_color":"9AE4E8","url":"http:\/\/jonniespratley.com","name":"Jonnie","favourites_count":14,"followers_count":35,"protected":false,"profile_sidebar_fill_color":"DDFFCC","verified":false,"time_zone":"Pacific Time (US & Canada)","friends_count":23,"profile_sidebar_border_color":"BDDCAD","profile_image_url":"http:\/\/s3.amazonaws.com\/twitter_production\/profile_images\/296801640\/JonnieFace_1_normal.png","location":"iPhone: 38.663795,-121.235397","id":7774922},"created_at":"Wed Feb 25 09:01:10 +0000 2009","sender_id":7774922,"sender_screen_name":"jonniespratley","recipient_screen_name":"thelaurencate","recipient_id":9115522,"id":64533336},{"recipient":{"notifications":false,"profile_link_color":"B40B43","description":"live. laugh. love","statuses_count":808,"profile_background_tile":true,"utc_offset":-28800,"created_at":"Wed Sep 26 06:59:22 +0000 2007","profile_background_color":"FF6699","favourites_count":1,"followers_count":63,"profile_sidebar_fill_color":"E5507E","url":"http:\/\/www.myspace.com\/buttercup0","name":"hannah rose \u2665","verified":false,"time_zone":"Pacific Time (US & Canada)","friends_count":133,"protected":true,"profile_sidebar_border_color":"CC3366","profile_image_url":"http:\/\/s3.amazonaws.com\/twitter_production\/profile_images\/303043023\/Photo_502_normal.jpg","following":true,"profile_text_color":"362720","location":"California","screen_name":"hannah_rose","id":9102382,"profile_background_image_url":"http:\/\/s3.amazonaws.com\/twitter_production\/profile_background_images\/18644927\/1243229463-618-0.gif"},"text":"Testing Testing","sender":{"notifications":false,"profile_link_color":"0084B4","description":"Web Programmer","statuses_count":575,"profile_background_tile":false,"utc_offset":-28800,"created_at":"Sat Jul 28 01:10:33 +0000 2007","profile_background_color":"9AE4E8","favourites_count":14,"followers_count":33,"profile_sidebar_fill_color":"DDFFCC","url":"http:\/\/jonniespratley.com","name":"Jonnie","verified":false,"time_zone":"Pacific Time (US & Canada)","friends_count":23,"protected":false,"profile_sidebar_border_color":"BDDCAD","profile_image_url":"http:\/\/s3.amazonaws.com\/twitter_production\/profile_images\/296801640\/JonnieFace_1_normal.png","following":false,"profile_text_color":"333333","location":"iPhone: 38.663795,-121.235397","screen_name":"jonniespratley","id":7774922,"profile_background_image_url":"http:\/\/static.twitter.com\/images\/themes\/theme1\/bg.gif"},"created_at":"Thu May 29 22:51:33 +0000 2008","sender_id":7774922,"sender_screen_name":"jonniespratley","recipient_screen_name":"hannah_rose","recipient_id":9102382,"id":31752581}]