[Mon Aug 3 2009 23:29:49] [statuses/user_timeline/rubybabylove.json] [{"text":"hanging out with my mama and papa today :) BBQ with grandma and grandpa tonite!","in_reply_to_user_id":null,"user":{"description":"hi im ruby, lauren (shabaybe) is my mama! & (jonniedollas) is my papa!","utc_offset":-28800,"profile_text_color":"333333","screen_name":"rubybabylove","profile_background_image_url":"http:\/\/s3.amazonaws.com\/twitter_production\/profile_background_images\/14621751\/pcrif_dog_with_background.jpg","notifications":null,"profile_link_color":"0084B4","statuses_count":2,"profile_background_tile":true,"url":null,"name":"Ruby Spratley","created_at":"Mon May 25 03:32:45 +0000 2009","profile_background_color":"9AE4E8","protected":false,"favourites_count":0,"followers_count":8,"profile_sidebar_fill_color":"DDFFCC","verified":false,"time_zone":"Pacific Time (US & Canada)","friends_count":8,"following":null,"profile_sidebar_border_color":"BDDCAD","location":"Los Angeles","id":42341523,"profile_image_url":"http:\/\/s3.amazonaws.com\/twitter_production\/profile_images\/229046626\/lauren1_normal.jpg"},"favorited":false,"in_reply_to_screen_name":null,"created_at":"Mon May 25 22:43:55 +0000 2009","truncated":false,"id":1917207111,"in_reply_to_status_id":null,"source":"web"},{"text":"watching i love new york with my mama","in_reply_to_user_id":null,"user":{"description":"hi im ruby, lauren (shabaybe) is my mama! & (jonniedollas) is my papa!","utc_offset":-28800,"profile_text_color":"333333","screen_name":"rubybabylove","profile_background_image_url":"http:\/\/s3.amazonaws.com\/twitter_production\/profile_background_images\/14621751\/pcrif_dog_with_background.jpg","notifications":null,"profile_link_color":"0084B4","statuses_count":2,"profile_background_tile":true,"url":null,"name":"Ruby Spratley","created_at":"Mon May 25 03:32:45 +0000 2009","profile_background_color":"9AE4E8","protected":false,"favourites_count":0,"followers_count":8,"profile_sidebar_fill_color":"DDFFCC","verified":false,"time_zone":"Pacific Time (US & Canada)","friends_count":8,"following":null,"profile_sidebar_border_color":"BDDCAD","location":"Los Angeles","id":42341523,"profile_image_url":"http:\/\/s3.amazonaws.com\/twitter_production\/profile_images\/229046626\/lauren1_normal.jpg"},"favorited":false,"in_reply_to_screen_name":null,"created_at":"Mon May 25 19:14:03 +0000 2009","truncated":false,"id":1915278390,"in_reply_to_status_id":null,"source":"web"}]