[Mon Aug 3 2009 23:29:24] [statuses/followers.json] [{"following":false,"profile_sidebar_fill_color":"e0ff92","description":null,"screen_name":"BedRoomGNG66274","time_zone":null,"utc_offset":null,"profile_sidebar_border_color":"87bc44","followers_count":44,"statuses_count":2,"created_at":"Tue Jun 23 08:33:16 +0000 2009","friends_count":1964,"url":null,"name":"Mr.Marcus","notifications":false,"profile_text_color":"000000","protected":false,"status":{"text":"Stop wasting money on your electrical bill http:\/\/bit.ly\/fxyIaS How should I tell him the bad news?","truncated":false,"in_reply_to_status_id":null,"created_at":"Tue Jun 23 16:04:13 +0000 2009","in_reply_to_user_id":null,"favorited":false,"in_reply_to_screen_name":null,"id":2296345357,"source":"web"},"profile_background_image_url":"http:\/\/static.twitter.com\/images\/themes\/theme1\/bg.gif","favourites_count":0,"profile_link_color":"0000ff","verified":false,"profile_background_tile":false,"profile_background_color":"9ae4e8","profile_image_url":"http:\/\/static.twitter.com\/images\/default_profile_normal.png","location":null,"id":49924398},{"following":true,"verified":false,"friends_count":23,"profile_text_color":"333333","description":"Web Programmer","screen_name":"jonniespratley","profile_background_image_url":"http:\/\/static.twitter.com\/images\/themes\/theme1\/bg.gif","utc_offset":-28800,"favourites_count":14,"profile_link_color":"0084B4","profile_background_tile":false,"created_at":"Sat Jul 28 01:10:33 +0000 2007","profile_background_color":"9AE4E8","url":"http:\/\/jonniespratley.com","name":"Jonnie","protected":false,"status":{"in_reply_to_user_id":9115522,"text":"@thelaurencate, come outside, burn a 50","favorited":false,"in_reply_to_screen_name":"thelaurencate","created_at":"Mon Aug 03 05:22:32 +0000 2009","truncated":false,"in_reply_to_status_id":null,"id":3099318672,"source":"web"},"profile_sidebar_fill_color":"DDFFCC","time_zone":"Pacific Time (US & Canada)","notifications":false,"statuses_count":575,"profile_sidebar_border_color":"BDDCAD","followers_count":33,"profile_image_url":"http:\/\/s3.amazonaws.com\/twitter_production\/profile_images\/296801640\/JonnieFace_1_normal.png","location":"iPhone: 38.663795,-121.235397","id":7774922},{"following":true,"verified":false,"friends_count":420,"profile_text_color":"000000","description":null,"screen_name":"panicing4p98266","profile_background_image_url":"http:\/\/static.twitter.com\/images\/themes\/theme1\/bg.gif","utc_offset":null,"favourites_count":0,"profile_link_color":"0000ff","profile_background_tile":false,"created_at":"Wed Jun 24 09:39:04 +0000 2009","profile_background_color":"9ae4e8","url":null,"name":"casey grant","protected":false,"status":{"in_reply_to_user_id":null,"text":"You Can Double Your Income on Twitter by Selecting the Best Tool. http:\/\/bit.ly\/wkelr5","favorited":false,"in_reply_to_screen_name":null,"created_at":"Wed Jun 24 16:24:47 +0000 2009","truncated":false,"in_reply_to_status_id":null,"id":2312464806,"source":"web"},"profile_sidebar_fill_color":"e0ff92","time_zone":null,"notifications":false,"statuses_count":1,"profile_sidebar_border_color":"87bc44","followers_count":16,"profile_image_url":"http:\/\/s3.amazonaws.com\/twitter_production\/profile_images\/280194850\/21_normal.jpeg","location":null,"id":50263171},{"following":true,"verified":false,"friends_count":1950,"profile_text_color":"000000","description":null,"screen_name":"TweetPhoto44752","profile_background_image_url":"http:\/\/static.twitter.com\/images\/themes\/theme1\/bg.gif","utc_offset":null,"favourites_count":0,"profile_link_color":"0000ff","profile_background_tile":false,"created_at":"Tue Jun 23 05:29:58 +0000 2009","profile_background_color":"9ae4e8","url":null,"name":"Sean Callahan","protected":false,"status":{"in_reply_to_user_id":null,"text":"help our environment http:\/\/bit.ly\/fB894Y a good weekend","favorited":false,"in_reply_to_screen_name":null,"created_at":"Tue Jun 23 14:38:20 +0000 2009","truncated":false,"in_reply_to_status_id":null,"id":2295217466,"source":"web"},"profile_sidebar_fill_color":"e0ff92","time_zone":null,"notifications":false,"statuses_count":2,"profile_sidebar_border_color":"87bc44","followers_count":56,"profile_image_url":"http:\/\/static.twitter.com\/images\/default_profile_normal.png","location":null,"id":49895883},{"following":true,"verified":false,"friends_count":1682,"profile_text_color":"000000","description":null,"screen_name":"hiphophips16337","profile_background_image_url":"http:\/\/static.twitter.com\/images\/themes\/theme1\/bg.gif","utc_offset":null,"favourites_count":0,"profile_link_color":"0000ff","profile_background_tile":false,"created_at":"Sat Jun 20 23:19:31 +0000 2009","profile_background_color":"9ae4e8","url":null,"name":"Ari Zilnik","protected":false,"status":{"in_reply_to_user_id":null,"text":"Wa! video. http:\/\/twurl.nl\/s0ievt","favorited":false,"in_reply_to_screen_name":null,"created_at":"Fri Jul 03 01:55:27 +0000 2009","truncated":false,"in_reply_to_status_id":null,"id":2447140036,"source":"web"},"profile_sidebar_fill_color":"e0ff92","time_zone":null,"notifications":false,"statuses_count":2,"profile_sidebar_border_color":"87bc44","followers_count":53,"profile_image_url":"http:\/\/s3.amazonaws.com\/twitter_production\/profile_images\/274554342\/12_normal.jpeg","location":null,"id":49155319},{"description":null,"utc_offset":null,"profile_text_color":"000000","screen_name":"ZenithLove93026","profile_background_image_url":"http:\/\/static.twitter.com\/images\/themes\/theme1\/bg.gif","notifications":false,"profile_link_color":"0000ff","statuses_count":9,"profile_background_tile":false,"url":null,"name":"Zenith Aten","created_at":"Sat Jun 20 06:49:16 +0000 2009","profile_background_color":"9ae4e8","protected":false,"status":{"text":"be able to go completely off-grid if you want, knowing that rising energy prices will not affect you.Look http:\/\/bit.ly\/neSlgm It's 10:11 pm","in_reply_to_user_id":null,"favorited":false,"in_reply_to_screen_name":null,"created_at":"Sat Jul 04 09:36:10 +0000 2009","truncated":false,"id":2467545093,"in_reply_to_status_id":null,"source":"web"},"favourites_count":0,"followers_count":53,"profile_sidebar_fill_color":"e0ff92","verified":false,"time_zone":null,"friends_count":1924,"following":true,"profile_sidebar_border_color":"87bc44","location":null,"id":48947861,"profile_image_url":"http:\/\/static.twitter.com\/images\/default_profile_normal.png"},{"following":true,"verified":false,"friends_count":253,"profile_text_color":"3C3940","description":"i fall asleep in hospital parking lots.","screen_name":"thelaurencate","profile_background_image_url":"http:\/\/s3.amazonaws.com\/twitter_production\/profile_background_images\/20624706\/whitney_floral2.jpg","utc_offset":-28800,"favourites_count":1,"profile_link_color":"0099B9","profile_background_tile":true,"created_at":"Wed Sep 26 23:01:10 +0000 2007","profile_background_color":"0099B9","url":"http:\/\/myspace.com\/laurellie","name":"Lauren Patterson","protected":false,"status":{"in_reply_to_user_id":17223776,"text":"@babytangerine take half a dose of NQ I do it all the time!","favorited":false,"in_reply_to_screen_name":"babytangerine","created_at":"Tue Aug 04 05:13:17 +0000 2009","truncated":false,"in_reply_to_status_id":null,"id":3119171639,"source":"<a href=\"http:\/\/orangatame.com\/products\/twitterberry\/\">TwitterBerry<\/a>"},"profile_sidebar_fill_color":"95E8EC","time_zone":"Pacific Time (US & Canada)","notifications":false,"statuses_count":1953,"profile_sidebar_border_color":"5ED4DC","followers_count":165,"profile_image_url":"http:\/\/s3.amazonaws.com\/twitter_production\/profile_images\/346387268\/Photo_938_normal.jpg","location":"los angeles, ca","id":9115522},{"following":true,"verified":false,"friends_count":133,"profile_text_color":"362720","description":"live. laugh. love","screen_name":"hannah_rose","profile_background_image_url":"http:\/\/s3.amazonaws.com\/twitter_production\/profile_background_images\/18644927\/1243229463-618-0.gif","utc_offset":-28800,"favourites_count":1,"profile_link_color":"B40B43","profile_background_tile":true,"created_at":"Wed Sep 26 06:59:22 +0000 2007","profile_background_color":"FF6699","url":"http:\/\/www.myspace.com\/buttercup0","name":"hannah rose \u2665","protected":true,"status":{"in_reply_to_user_id":null,"text":"Its out","favorited":false,"in_reply_to_screen_name":null,"created_at":"Mon Aug 03 19:24:34 +0000 2009","truncated":false,"in_reply_to_status_id":null,"id":3109707228,"source":"<a href=\"http:\/\/help.twitter.com\/index.php?pg=kb.page&id=75\">txt<\/a>"},"profile_sidebar_fill_color":"E5507E","time_zone":"Pacific Time (US & Canada)","notifications":false,"statuses_count":808,"profile_sidebar_border_color":"CC3366","followers_count":63,"profile_image_url":"http:\/\/s3.amazonaws.com\/twitter_production\/profile_images\/303043023\/Photo_502_normal.jpg","location":"California","id":9102382}]