{"text":"Im just about to get a treat from my poppa","in_reply_to_user_id":null,"user":{"description":"I am the cutest and best little puppy in the whole wide world.","utc_offset":-28800,"profile_text_color":"212121","screen_name":"rubybabylove","profile_background_image_url":"http:\/\/s3.amazonaws.com\/twitter_production\/profile_background_images\/14621751\/pcrif_dog_with_background.jpg","notifications":null,"profile_link_color":"ff0000","statuses_count":3,"profile_background_tile":true,"url":"http:\/\/ruby.com","name":"Ruby Poopy","created_at":"Mon May 25 03:32:45 +0000 2009","profile_background_color":"ffff00","protected":false,"favourites_count":0,"followers_count":8,"profile_sidebar_fill_color":"ff0000","verified":false,"time_zone":"Pacific Time (US & Canada)","friends_count":8,"following":null,"profile_sidebar_border_color":"b9b9b9","location":"Fair Oaks, Ca","id":42341523,"profile_image_url":"http:\/\/s3.amazonaws.com\/twitter_production\/profile_images\/229046626\/lauren1_normal.jpg"},"favorited":false,"in_reply_to_screen_name":null,"created_at":"Tue Aug 04 07:49:42 +0000 2009","truncated":false,"id":3120858782,"in_reply_to_status_id":null,"source":"<a href=\"http:\/\/apiwiki.twitter.com\/\">API<\/a>"}