[Mon Aug 3 2009 23:45:39] [statuses/update.json] {"in_reply_to_user_id":null,"text":"Im just about to get a treat from my poppa","user":{"following":false,"profile_text_color":"333333","followers_count":8,"description":"hi im ruby, lauren (shabaybe) is my mama! & (jonniedollas) is my papa!","screen_name":"rubybabylove","profile_background_image_url":"http:\/\/s3.amazonaws.com\/twitter_production\/profile_background_images\/14621751\/pcrif_dog_with_background.jpg","utc_offset":-28800,"friends_count":8,"profile_link_color":"0084B4","notifications":false,"profile_background_tile":true,"favourites_count":0,"created_at":"Mon May 25 03:32:45 +0000 2009","profile_background_color":"9AE4E8","url":null,"name":"Ruby Spratley","protected":false,"verified":false,"profile_sidebar_fill_color":"DDFFCC","time_zone":"Pacific Time (US & Canada)","statuses_count":3,"profile_sidebar_border_color":"BDDCAD","profile_image_url":"http:\/\/s3.amazonaws.com\/twitter_production\/profile_images\/229046626\/lauren1_normal.jpg","location":"Los Angeles","id":42341523},"favorited":false,"in_reply_to_screen_name":null,"created_at":"Tue Aug 04 06:45:39 +0000 2009","truncated":false,"in_reply_to_status_id":null,"id":3120240498,"source":"<a href=\"http:\/\/apiwiki.twitter.com\/\">API<\/a>"}