
[
    {
        "in_reply_to_user_id":null,
        "text":"My Daily Twittascope - You have a lot going on within your overactive mind today,
         yet it might be in your best inte... http:\/\/bit.ly\/3JeAow",
        "user":
        {
            "favourites_count":1,
            "followers_count":166,
            "statuses_count":1941,
            "friends_count":253,
            
            "following":null,
            "notifications":null,
            
            "name":"Lauren Patterson",
            "url":"http:\/\/myspace.com\/laurellie",
            "description":"i fall asleep in hospital parking lots.",
            "location":"los angeles,ca",
            "screen_name":"thelaurencate",
            "created_at":"Wed Sep 26 23:01:10 +0000 2007",
            
            
            "protected":false,
            "verified":false,
            
            "profile_text_color":"3C3940",            
            "profile_background_image_url":"http:\/\/s3.amazonaws.com\/twitter_production\/profile_background_images\/20624706\/whitney_floral2.jpg",
            "profile_link_color":"0099B9",
            "profile_background_tile":true,
            "profile_background_color":"0099B9",
            "profile_sidebar_fill_color":"95E8EC",
            "profile_sidebar_border_color":"5ED4DC",
            "profile_image_url":"http:\/\/s3.amazonaws.com\/twitter_production\/profile_images\/276868471\/Photo_544_normal.jpg",
            
             "time_zone":"Pacific Time (US & Canada)",
            "utc_offset":-28800, 
            "id":9115522
        },
        "favorited":false,
        "in_reply_to_screen_name":null,
        "created_at":"Mon Aug 03 09:28:22 +00002009",
        "truncated":false,
        "in_reply_to_status_id":null,
        "id":3101687569,
        "source":"<a href=\"http:\/\/apiwiki.twitter.com\/\">API<\/a>"
    }
]