[{"in_reply_to_user_id":null,"text":"http:\/\/twitpic.com\/ckrdr - Just hangin with @rubybabylove","user":{"following":null,"profile_text_color":"3C3940","followers_count":166,"description":"i fall asleep in hospital parking lots.","screen_name":"thelaurencate","profile_background_image_url":"http:\/\/s3.amazonaws.com\/twitter_production\/profile_background_images\/20624706\/whitney_floral2.jpg","utc_offset":-28800,"verified":false,"friends_count":253,"profile_link_color":"0099B9","profile_background_tile":true,"favourites_count":1,"created_at":"Wed Sep 26 23:01:10 +0000 2007","profile_background_color":"0099B9","url":"http:\/\/myspace.com\/laurellie","name":"Lauren Patterson","protected":false,"profile_sidebar_fill_color":"95E8EC","time_zone":"Pacific Time (US & Canada)","statuses_count":1932,"profile_sidebar_border_color":"5ED4DC","profile_image_url":"http:\/\/s3.amazonaws.com\/twitter_production\/profile_images\/276868471\/Photo_544_normal.jpg","location":"los angeles, ca","id":9115522,"notifications":null},"favorited":false,"in_reply_to_screen_name":null,"created_at":"Mon Aug 03 00:49:11 +0000 2009","truncated":false,"in_reply_to_status_id":null,"id":3095294670,"source":"<a href=\"http:\/\/twitpic.com\/\">TwitPic<\/a>"},{"in_reply_to_user_id":42341523,"text":"@ruby_baybe snuggles","user":{"following":true,"verified":false,"friends_count":253,"profile_text_color":"3C3940","description":"i fall asleep in hospital parking lots.","screen_name":"thelaurencate","profile_background_image_url":"http:\/\/s3.amazonaws.com\/twitter_production\/profile_background_images\/20624706\/whitney_floral2.jpg","utc_offset":-28800,"favourites_count":1,"profile_link_color":"0099B9","profile_background_tile":true,"created_at":"Wed Sep 26 23:01:10 +0000 2007","profile_background_color":"0099B9","url":"http:\/\/myspace.com\/laurellie","name":"Lauren Patterson","protected":false,"profile_sidebar_fill_color":"95E8EC","time_zone":"Pacific Time (US & Canada)","notifications":false,"statuses_count":1947,"profile_sidebar_border_color":"5ED4DC","followers_count":164,"profile_image_url":"http:\/\/s3.amazonaws.com\/twitter_production\/profile_images\/346387268\/Photo_938_normal.jpg","location":"los angeles, ca","id":9115522},"favorited":false,"in_reply_to_screen_name":"rubybabylove","created_at":"Thu Jun 25 07:41:07 +0000 2009","truncated":false,"in_reply_to_status_id":null,"id":2323455883,"source":"web"}]