{"description":"hi im ruby, lauren (shabaybe) is my mama! & (jonniedollas) is my papa!","utc_offset":-28800,"friends_count":8,"profile_text_color":"333333","screen_name":"rubybabylove","profile_background_image_url":"http:\/\/s3.amazonaws.com\/twitter_production\/profile_background_images\/14621751\/pcrif_dog_with_background.jpg","favourites_count":0,"profile_link_color":"0084B4","profile_background_tile":true,"url":null,"name":"Ruby Spratley","created_at":"Mon May 25 03:32:45 +0000 2009","profile_background_color":"9AE4E8","protected":false,"status":{"text":"hanging out with my mama and papa today :) BBQ with grandma and grandpa tonite!","in_reply_to_user_id":null,"favorited":false,"in_reply_to_screen_name":null,"created_at":"Mon May 25 22:43:55 +0000 2009","truncated":false,"id":1917207111,"in_reply_to_status_id":null,"source":"web"},"statuses_count":2,"notifications":false,"profile_sidebar_fill_color":"DDFFCC","time_zone":"Pacific Time (US & Canada)","following":false,"profile_sidebar_border_color":"BDDCAD","location":"New York","id":42341523,"verified":false,"followers_count":8,"profile_image_url":"http:\/\/s3.amazonaws.com\/twitter_production\/profile_images\/229046626\/lauren1_normal.jpg"}